no,title,author,price,status_product,link
1,Mudah Kuasai Penjumlahan,Yusup Somadinata,88000,Stock di Gudang Supplier,http://www.bukabuku.com/browses/product/9786230031380/mudah-kuasai-penjumlahan.html
2,"Ibu, Aku Mencintaimu",Chloe + J. Star,34000,Stock di Gudang Supplier,http://www.bukabuku.com/browses/product/9786239841515/ibu-aku-mencintaimu.html
3,Shimmer & Shine : Teman-teman Keren!,Nickelodeon,68000,Stock di Gudang Supplier,http://www.bukabuku.com/browses/product/9786230306655/shimmer-shine-teman-teman-keren!.html
4,Opredo Seri Dongeng Dunia : Putri Salju,Tim Oopredoo,60000,Stock di Gudang Supplier,http://www.bukabuku.com/browses/product/9786230031151/opredo-seri-dongeng-dunia-putri-salju.html
5,Opredo Seri Dongeng Dunia : Jack dan Pohon Kacang,Tim Oopredoo,60000,Stock di Gudang Supplier,http://www.bukabuku.com/browses/product/9786230028021/opredo-seri-dongeng-dunia-jack-dan-pohon-kacang.html
6,Opredo Seri Dino Pintar : Baby Dino Mencari Ibu,Hafez Achda,120000,Stock di Gudang Supplier,http://www.bukabuku.com/browses/product/9786230030840/opredo-seri-dino-pintar-baby-dino-mencari-ibu.html
7,Cerita Binatang: Kumpulan Cerita Binatang untuk Penguatan Karakter Anak,"Heru Kurniawan, Winie Widya Ariany",84000,Stock di Gudang Supplier,http://www.bukabuku.com/browses/product/9786230031212/cerita-binatang-kumpulan-cerita-binatang-untuk-penguatan-karakter-anak.html
8,86 Dongeng Ternama Indonesia,Walidah Ariyani,104000,Stock di Gudang Supplier,http://www.bukabuku.com/browses/product/9786230030994/86-dongeng-ternama-indonesia.html
9,"Buku Kreasi Anak Cerdas: Gunting, Tempel, Warnai (Edisi Merah Muda)",TIM BIP,38400,Stock di Gudang Supplier,http://www.bukabuku.com/browses/product/9786230407703/buku-kreasi-anak-cerdas-gunting-tempel-warnai-(edisi-merah-muda).html
10,"Buku Kreasi Anak Cerdas: Gunting, Tempel, Warnai (Edisi Biru Muda)",TIM BIP,38400,Stock di Gudang Supplier,http://www.bukabuku.com/browses/product/9786230407697/buku-kreasi-anak-cerdas-gunting-tempel-warnai-(edisi-biru-muda).html
11,Aktivitas Alam Semesta,Ririn Kusumaningrum,60000,Stock di Gudang Supplier,http://www.bukabuku.com/browses/product/9786230031007/aktivitas-alam-semesta.html
12,Why? Recycle - Daur Ulang,YeaRimDang,88000,Stock di Gudang Supplier,http://www.bukabuku.com/browses/product/9786230031137/why-recycle--daur-ulang.html
13,55+ Aktivitas Calistung Mengenal Fungsi Benda,A. TABI`IN,47200,Stock di Gudang Supplier,http://www.bukabuku.com/browses/product/9786020528595/55+-aktivitas-calistung-mengenal-fungsi-benda.html
14,55+ Aktivitas Calistung Anak GEMBIRA,"A. TABI`IN, dkk",47200,Stock di Gudang Supplier,http://www.bukabuku.com/browses/product/9786020528601/55+-aktivitas-calistung-anak-gembira.html
15,Petualangan Lu si Ulat Bulu : Topi Jerami Lu,Norrattri,48750,Stock di Gudang Supplier,http://www.bukabuku.com/browses/product/9786230305832/petualangan-lu-si-ulat-bulu-topi-jerami-lu.html
16,Petualangan Lu si Ulat Bulu : Apakah Lu diculik?,Norrattri,48750,Stock di Gudang Supplier,http://www.bukabuku.com/browses/product/9786230305764/petualangan-lu-si-ulat-bulu-apakah-lu-diculik.html
17,Petualangan Lu si Ulat Bulu : Kenari Untuk Pipu,Norrattri,48750,Stock di Gudang Supplier,http://www.bukabuku.com/browses/product/9786230304897/petualangan-lu-si-ulat-bulu-kenari-untuk-pipu.html
18,Aisyah Takut Terlambat,Widya Ross,36000,Stock di Gudang Supplier,http://www.bukabuku.com/browses/product/9786020643090/aisyah-takut-terlambat.html
19,Hari Pertama Zaki Masuk Sekolah,Widya Ross,36000,Stock di Gudang Supplier,http://www.bukabuku.com/browses/product/9786020643076/hari-pertama-zaki-masuk-sekolah.html
20,Ketika Akbar Malas Makan,Widya Ross,36000,Stock di Gudang Supplier,http://www.bukabuku.com/browses/product/9786020643038/ketika-akbar-malas-makan.html
21,Job? Akulah Ahlinya Baking & Pastry,Kugil Publishing,80000,Stock di Gudang Supplier,http://www.bukabuku.com/browses/product/9786230030987/job-akulah-ahlinya-baking-pastry.html
22,Buku Seri Sastra Anak Asia: Lili Ingin Stroberi,Liu Hangyu,100000,Stock di Gudang Supplier,http://www.bukabuku.com/browses/product/9786230407314/buku-seri-sastra-anak-asia-lili-ingin-stroberi.html
23,Buku 7 Good Habits: Cerita Kebiasaan Baik Anak Hebat (Cover 2022),Chandra Wening,111200,Stock di Gudang Supplier,http://www.bukabuku.com/browses/product/9786230407291/buku-7-good-habits-cerita-kebiasaan-baik-anak-hebat-(cover-2022).html
24,Petualangan Anak Nusantara,Wulan Mulya Pratiwi,100000,Stock di Gudang Supplier,http://www.bukabuku.com/browses/product/9786230305696/petualangan-anak-nusantara.html
25,Why? Bacteria and Virus - Bakteri dan Virus,YeaRimDang,88000,Stock di Gudang Supplier,http://www.bukabuku.com/browses/product/9786230030925/why-bacteria-and-virus--bakteri-dan-virus.html
26,Ensiklopedia Saintis Junior: Teknologi,"Alex Woolf, Anita Loughrey",126400,Stock di Gudang Supplier,http://www.bukabuku.com/browses/product/9786024817497/ensiklopedia-saintis-junior-teknologi.html
27,Ensiklopedia Saintis Junior: Matematika,Tim Collins,126400,Stock di Gudang Supplier,http://www.bukabuku.com/browses/product/9786024817480/ensiklopedia-saintis-junior-matematika.html
28,Kakek Pembuat Sepatu Dan Para Peri,Brothers Grimm,38250,Stock di Gudang Supplier,http://www.bukabuku.com/browses/product/9786239841522/kakek-pembuat-sepatu-dan-para-peri.html
29,HAI SULAWESI,Philip Bae,39950,Stock di Gudang Supplier,http://www.bukabuku.com/browses/product/9786239841508/hai-sulawesi.html
30,Si Matahari Dan Si Bulan,Chloe Ahn,38250,Stock di Gudang Supplier,http://www.bukabuku.com/browses/product/9786239841539/si-matahari-dan-si-bulan.html
31,Ripley Readers - Dinosaurus,Ripley`s,33750,Stock di Gudang Supplier,http://www.bukabuku.com/browses/product/9786230306242/ripley-readers--dinosaurus.html
32,Ripley Readers - Hewan Peliharaan,Ripley`s,33750,Stock di Gudang Supplier,http://www.bukabuku.com/browses/product/9786230306266/ripley-readers--hewan-peliharaan.html
33,Ripley Readers - Hiu,Ripley`s,33750,Stock di Gudang Supplier,http://www.bukabuku.com/browses/product/9786230306259/ripley-readers--hiu.html
34,Ripley Readers - Cuaca,Ripley`s,33750,Stock di Gudang Supplier,http://www.bukabuku.com/browses/product/9786230306228/ripley-readers--cuaca.html
35,Yes! Aku Bisa! Goal Setting for Kids,Arleen Amidjaja,108750,Stock di Gudang Supplier,http://www.bukabuku.com/browses/product/9786230305979/yes!-aku-bisa!-goal-setting-for-kids.html
36,Buku Project Eksperimen Tubuh Manusia,Miles Kelly,116000,Stock di Gudang Supplier,http://www.bukabuku.com/browses/product/9786230405884/buku-project-eksperimen-tubuh-manusia.html
37,Buku Project Eksperimen Antariksa,Miles Kelly,116000,Stock di Gudang Supplier,http://www.bukabuku.com/browses/product/9786230405877/buku-project-eksperimen-antariksa.html
38,Buku Project Eksperimen Dinosaurus,Miles Kelly,116000,Stock di Gudang Supplier,http://www.bukabuku.com/browses/product/9786230405860/buku-project-eksperimen-dinosaurus.html
39,Ensiklopedia Sains,Belinda Gallagher,160000,Stock di Gudang Supplier,http://www.bukabuku.com/browses/product/9786230018718/ensiklopedia-sains.html
40,SERI BUKU BERNYANYI: AGAR-AGAR (BOARDBOOK),Panji Siswanto,55200,Stock di Gudang Supplier,http://www.bukabuku.com/browses/product/9786232542266/seri-buku-bernyanyi-agar-agar-(boardbook).html
41,Ripley's Believe It or Not! Kids â Buku Games Fantastis,Ripley`s,37500,Stock di Gudang Supplier,http://www.bukabuku.com
42,Ripley's Believe It or Not! Kids â Buku Mewarnai Fantastis,Ripley`s,37500,Stock di Gudang Supplier,http://www.bukabuku.com
43,Ripley's Believe It or Not! Kids â Buku Aktivitas untuk Anak-anak Penasaran,Ripley`s,37500,Stock di Gudang Supplier,http://www.bukabuku.com
44,Belajar Bermain 365 Aktivitas Cerdas Kreatif,"Heru Kurniawan, Dian Wahyu Sri Lestari, Fitria Septianti",60000,Stock di Gudang Supplier,http://www.bukabuku.com/browses/product/9786020528519/belajar-bermain-365-aktivitas-cerdas-kreatif.html
45,English Activity 456 Words in 200 Activities,"Heru Kurniawan, Sri Rahayu, Fitria Septianti",55200,Stock di Gudang Supplier,http://www.bukabuku.com/browses/product/9786020528311/english-activity-456-words-in-200-activities.html
46,Opredo Creative Workbook Gunting Lipat Tempel: Warna-Warni,Veronica Winata,40000,Stock di Gudang Supplier,http://www.bukabuku.com/browses/product/9786230029561/opredo-creative-workbook-gunting-lipat-tempel-warna-warni.html
47,Opredo Creative Workbook Gunting Lipat Tempel: Kreasiku,Veronica Winata,40000,Stock di Gudang Supplier,http://www.bukabuku.com/browses/product/9786230029554/opredo-creative-workbook-gunting-lipat-tempel-kreasiku.html
48,Sayangi Tubuhmu,Sonya Renee Taylor,74250,Stock di Gudang Supplier,http://www.bukabuku.com/browses/product/9786230305511/sayangi-tubuhmu.html
49,Opredo Paket Poster Pintar ABC & 123,Tim Oopredoo,60000,Stock di Gudang Supplier,http://www.bukabuku.com/browses/product/2010001188735/opredo-paket-poster-pintar-abc-123.html
50,Opredo Paket Poster Pintar Tabel,Tim Oopredoo,60000,Stock di Gudang Supplier,http://www.bukabuku.com/browses/product/2010001188728/opredo-paket-poster-pintar-tabel.html
51,Hore... Aku Siap Masuk SD,NOVITA ZAHIROH,72000,Stock di Gudang Supplier,http://www.bukabuku.com/browses/product/9786230030079/hore-aku-siap-masuk-sd.html
52,"Semua Bisa Pintar Matematika & Ipa Sd Kelas 4,5,6",UBAI DAN K.ZAGITA,67150,Stock di Gudang Supplier,http://www.bukabuku.com/browses/product/9786023782895/semua-bisa-pintar-matematika-ipa-sd-kelas-456.html
53,My First English - Mewarnai Binatang Liar,KAK ADEL & KAK YARA,38250,Stock di Gudang Supplier,http://www.bukabuku.com/browses/product/9786023783038/my-first-english--mewarnai-binatang-liar.html
54,My First English - Mewarnai Binatang Jinak,KAK ADEL & KAK YARA,38250,Stock di Gudang Supplier,http://www.bukabuku.com/browses/product/9786023783014/my-first-english--mewarnai-binatang-jinak.html
55,My First English - Mewarnai Binatang Laut,KAK ADEL & KAK YARA,38250,Stock di Gudang Supplier,http://www.bukabuku.com/browses/product/9786023783021/my-first-english--mewarnai-binatang-laut.html
56,"Semua Bisa Pintar Kumpulan Soal & Pembahasan Matematika Kelas 4,5,6 Sd/mi",D. ENUNG,80750,Stock di Gudang Supplier,http://www.bukabuku.com/browses/product/9786023782888/semua-bisa-pintar-kumpulan-soal-pembahasan-matematika-kelas-456-sd-mi.html
57,Anak Pintar Mewarnai Si Poni & Teman-teman (bonus Stiker),Linggar Swastika,33575,Stock di Gudang Supplier,http://www.bukabuku.com/browses/product/9786022860860/anak-pintar-mewarnai-si-poni-teman-teman-(bonus-stiker).html
58,APE Alat Ukur Tinggi Badan,TIM EFK,48750,Stock di Gudang Supplier,http://www.bukabuku.com/browses/product/2010001189633/ape-alat-ukur-tinggi-badan.html
59,APE Puzzle Metamorfosis Kupu-Kupu,TIM EFK,74250,Stock di Gudang Supplier,http://www.bukabuku.com/browses/product/2010001189626/ape-puzzle-metamorfosis-kupu-kupu.html
60,APE Panduan Wudu dan Salat,TIM EFK,48750,Stock di Gudang Supplier,http://www.bukabuku.com/browses/product/2010001189619/ape-panduan-wudu-dan-salat.html
61,Mengapa Tubuhku Dan Tubuhnya Berbeda,Mega Sinta Wulandari,48000,Stock di Gudang Supplier,http://www.bukabuku.com/browses/product/9786233272131/mengapa-tubuhku-dan-tubuhnya-berbeda.html
62,Bbw: The Twin Explorer.asyiknya Di Sekolah (boardbook-ar),BENNY RAMDHANI,72000,Stock di Gudang Supplier,http://www.bukabuku.com/browses/product/9786239175405/bbw-the-twin-explorerasyiknya-di-sekolah-(boardbook-ar).html
63,Mengapa Tubuhku Dan Tubuhnya Berbeda?,Mega Sinta Wulandari,48000,Stock di Gudang Supplier,http://www.bukabuku.com/browses/product/2010001188872/mengapa-tubuhku-dan-tubuhnya-berbeda.html
64,Winnie The Pooh (republish),A. A. Milne,55200,Stock di Gudang Supplier,http://www.bukabuku.com/browses/product/9786232422957/winnie-the-pooh-(republish).html
65,The House At Pooh Corner,A. A. Milne,62400,Stock di Gudang Supplier,http://www.bukabuku.com/browses/product/9786232422964/the-house-at-pooh-corner.html
66,SERI BUKU BERNYANYI: SAYUR JUARA (BOARDBOOK),Panji Siswanto,55200,Stock di Gudang Supplier,http://www.bukabuku.com/browses/product/9786232542273/seri-buku-bernyanyi-sayur-juara-(boardbook).html
67,Matematika Genius Perkalian & Pembagian Bersusun (Bonus Poster Perkalian) 2021,Rizkiananda,39600,Stock di Gudang Supplier,http://www.bukabuku.com/browses/product/9786239026967/matematika-genius-perkalian-pembagian-bersusun-(bonus-poster-perkalian)-2021.html
68,Matematika Genius Penjumlahan & Pengurangan Bersusun (Bonus Poster Perkalian) 2021,Rizkinanda,39600,Stock di Gudang Supplier,http://www.bukabuku.com/browses/product/9786239026950/matematika-genius-penjumlahan-pengurangan-bersusun-(bonus-poster-perkalian)-2021.html
69,"Buku Ayo, Bobo! Panduan bagi Orangtua untuk Mengatasi Anak yang Susah Tidur","SOPHIE DE MULLENHEIM, Shobana Vinay",63200,Stock di Gudang Supplier,http://www.bukabuku.com/browses/product/9786230406379/buku-ayo-bobo!-panduan-bagi-orangtua-untuk-mengatasi-anak-yang-susah-tidur.html
70,Buku Seri Sastra Anak Asia: Beruang di Lantai Atas,Chen Chen,70400,Stock di Gudang Supplier,http://www.bukabuku.com/browses/product/9786230407413/buku-seri-sastra-anak-asia-beruang-di-lantai-atas.html
71,Buku Seri Sastra Anak Asia: Siapa Makan Kesemek Nenek,Liu Hangyu,47200,Stock di Gudang Supplier,http://www.bukabuku.com/browses/product/9786230407390/buku-seri-sastra-anak-asia-siapa-makan-kesemek-nenek.html
72,Buku Seri Sastra Anak Asia: Mencari Ayam Emas,Liu Xushuang,78400,Stock di Gudang Supplier,http://www.bukabuku.com/browses/product/9786230407260/buku-seri-sastra-anak-asia-mencari-ayam-emas.html
73,Buku Seri Teddy & Beruang Pao: Teman Sekelas yang Berekor,Dai Yingniao,57600,Stock di Gudang Supplier,http://www.bukabuku.com/browses/product/9786230406980/buku-seri-teddy-beruang-pao-teman-sekelas-yang-berekor.html
74,Buku Seri Teddy & Beruang Pao: Asal-usul Misterius,Dai Yingniao,57600,Stock di Gudang Supplier,http://www.bukabuku.com/browses/product/9786230406997/buku-seri-teddy-beruang-pao-asal-usul-misterius.html
75,Buku Seri Teddy & Beruang Pao: Boneka Beruang Ajaib,Dai Yingniao,57600,Stock di Gudang Supplier,http://www.bukabuku.com/browses/product/9786230406973/buku-seri-teddy-beruang-pao-boneka-beruang-ajaib.html
76,"Buku Seri Sastra Anak Asia: Penenun, Pendongeng, dan Kain Brokat Ajaib",Liu Xushaung,71200,Stock di Gudang Supplier,http://www.bukabuku.com/browses/product/9786230407079/buku-seri-sastra-anak-asia-penenun-pendongeng-dan-kain-brokat-ajaib.html
77,Buku Seri Sastra Anak Asia: Keledai Kecil dan Layangannya,Xiang Guo,54400,Stock di Gudang Supplier,http://www.bukabuku.com/browses/product/9786230407093/buku-seri-sastra-anak-asia-keledai-kecil-dan-layangannya.html
78,Buku Aktivitas Aku Pintar Mengenal Makanan Favorit (Bonus Stiker Mewarnai BIP),Nagiga,44800,Stock di Gudang Supplier,http://www.bukabuku.com/browses/product/9786230407192/buku-aktivitas-aku-pintar-mengenal-makanan-favorit-(bonus-stiker-mewarnai-bip).html
79,Buku Aktivitas Aku Pintar Mengenal Kendaraan (Bonus Stiker Mewarnai BIP),Nagiga,44000,Stock di Gudang Supplier,http://www.bukabuku.com/browses/product/9786230407185/buku-aktivitas-aku-pintar-mengenal-kendaraan-(bonus-stiker-mewarnai-bip).html
80,Buku Seri Sastra Anak Asia: Si Hitam dan Si Merah: Berbeda Itu Indah,Chen Mengmin,52000,Stock di Gudang Supplier,http://www.bukabuku.com/browses/product/9786230407062/buku-seri-sastra-anak-asia-si-hitam-dan-si-merah-berbeda-itu-indah.html
81,Buku Seri Kenapa Ya ? 16,Valentin Verthe,84000,Stock di Gudang Supplier,http://www.bukabuku.com/browses/product/9786230406812/buku-seri-kenapa-ya-16.html
82,"Seri Gunting , Tempel, & Mewarnai Alat Berat",Kak Dicka,59200,Stock di Gudang Supplier,http://www.bukabuku.com/browses/product/9786020528090/seri-gunting-tempel-mewarnai-alat-berat.html
83,"Seri Gunting , Tempel, & Mewarnai Binatang",Kak Dicka,59200,Stock di Gudang Supplier,http://www.bukabuku.com/browses/product/9786020528106/seri-gunting-tempel-mewarnai-binatang.html
84,Buku Seri Fun Dot To Dot & Coloring 08 (Bonus Stiker MewarnaiI BIP),TIM BIP,25600,Stock di Gudang Supplier,http://www.bukabuku.com/browses/product/9786230407055/buku-seri-fun-dot-to-dot-coloring-08-(bonus-stiker-mewarnaii-bip).html
85,Buku Seri Fun Dot To Dot & Coloring 07 (Bonus Stiker MewarnaiI BIP),TIM BIP,25600,Stock di Gudang Supplier,http://www.bukabuku.com/browses/product/9786230407048/buku-seri-fun-dot-to-dot-coloring-07-(bonus-stiker-mewarnaii-bip).html
86,Buku Seri Fun Dot To Dot & Coloring 06 (Bonus Stiker MewarnaiI BIP),TIM BIP,25600,Stock di Gudang Supplier,http://www.bukabuku.com/browses/product/9786230406850/buku-seri-fun-dot-to-dot-coloring-06-(bonus-stiker-mewarnaii-bip).html
87,Buku Seri Fun Dot To Dot & Coloring 05 (Bonus Stiker MewarnaiI BIP),TIM BIP,25600,Stock di Gudang Supplier,http://www.bukabuku.com/browses/product/9786230406843/buku-seri-fun-dot-to-dot-coloring-05-(bonus-stiker-mewarnaii-bip).html
88,Buku Seri Fun Dot To Dot & Coloring 04 (Bonus Stiker MewarnaiI BIP),TIM BIP,25600,Stock di Gudang Supplier,http://www.bukabuku.com/browses/product/9786230407031/buku-seri-fun-dot-to-dot-coloring-04-(bonus-stiker-mewarnaii-bip).html
89,Buku Seri Fun Dot To Dot & Coloring 03 (Bonus Stiker MewarnaiI BIP),TIM BIP,25600,Stock di Gudang Supplier,http://www.bukabuku.com/browses/product/9786230407024/buku-seri-fun-dot-to-dot-coloring-03-(bonus-stiker-mewarnaii-bip).html
90,Buku Seri Fun Dot To Dot & Coloring 02 (Bonus Stiker MewarnaiI BIP),TIM BIP,25600,Stock di Gudang Supplier,http://www.bukabuku.com/browses/product/9786230407017/buku-seri-fun-dot-to-dot-coloring-02-(bonus-stiker-mewarnaii-bip).html
91,Buku Seri Fun Dot To Dot & Coloring 01 (Bonus Stiker MewarnaiI BIP),TIM BIP,25600,Stock di Gudang Supplier,http://www.bukabuku.com/browses/product/9786230407000/buku-seri-fun-dot-to-dot-coloring-01-(bonus-stiker-mewarnaii-bip).html
92,"Seri Keselamatan Diri - Ssst, Jangan Bilang-Bilang!",Fajriatun Nurhidayati,43500,Stock di Gudang Supplier,http://www.bukabuku.com/browses/product/9786230305788/seri-keselamatan-diri--ssst-jangan-bilang-bilang!.html
93,Sekolahku Aneh Banget 6 : Mr. Hynde yang Jago Nge-rap!,DAN GUTMAN,43500,Stock di Gudang Supplier,http://www.bukabuku.com/browses/product/9786230305085/sekolahku-aneh-banget-6-mr-hynde-yang-jago-nge-rap!.html
94,Opredo Trace and Learn : Berhitung Angka,Tim Oopredoo,40000,Stock di Gudang Supplier,http://www.bukabuku.com/browses/product/9786230029622/opredo-trace-and-learn-berhitung-angka.html
95,Opredo Trace and Learn : Belajar Huruf,Tim Oopredoo,40000,Stock di Gudang Supplier,http://www.bukabuku.com/browses/product/9786230029608/opredo-trace-and-learn-belajar-huruf.html
96,Santai Aja 2: Hidup Rileks ala Rilakkuma,Aki Kondo,52000,Stock di Gudang Supplier,http://www.bukabuku.com/browses/product/9786020647654/santai-aja-2-hidup-rileks-ala-rilakkuma.html
97,Santai Aja 1: Hidup Rileks ala Rilakkuma,Aki Kondo,52000,Stock di Gudang Supplier,http://www.bukabuku.com/browses/product/9786020647647/santai-aja-1-hidup-rileks-ala-rilakkuma.html
98,My Little Pony: Kita Keluarga,Hasbro International Inc,28000,Stock di Gudang Supplier,http://www.bukabuku.com/browses/product/9786020651293/my-little-pony-kita-keluarga.html
99,My Little Pony: Perjalanan Bersama Pelangi,Hasbro International Inc,28000,Stock di Gudang Supplier,http://www.bukabuku.com/browses/product/9786020651484/my-little-pony-perjalanan-bersama-pelangi.html
100,Transformers Robots in Disguise: Tim Bumblebee 5,Hasbro,102400,Stock di Gudang Supplier,http://www.bukabuku.com/browses/product/9786020640396/transformers-robots-in-disguise-tim-bumblebee-5.html
101,Transformers Robots in Disguise: Tim Bumblebee 4,Hasbro,102400,Stock di Gudang Supplier,http://www.bukabuku.com/browses/product/9786020640389/transformers-robots-in-disguise-tim-bumblebee-4.html
102,"Seri Emosi Senang: Hore, Ayah Pulang!",Mischa Indah Mariska,33600,Stock di Gudang Supplier,http://www.bukabuku.com/browses/product/9786023679096/seri-emosi-senang-hore-ayah-pulang!.html
103,SERI EMOSI SEDIH: YAH ... HUJAN,Mischa Indah Mariska,33600,Stock di Gudang Supplier,http://www.bukabuku.com/browses/product/9786023679102/seri-emosi-sedih-yah-hujan.html
104,Trik Gambar Hewan Dari Huruf Kecil,Wafiq Sehat,25075,Stock di Gudang Supplier,http://www.bukabuku.com/browses/product/9786022860785/trik-gambar-hewan-dari-huruf-kecil.html
105,Sekolahku Aneh Banget 4 : Ms. Hannah yang Suka Koleksi Sampah!,DAN GUTMAN,43500,Stock di Gudang Supplier,http://www.bukabuku.com/browses/product/9786230305054/sekolahku-aneh-banget-4-ms-hannah-yang-suka-koleksi-sampah!.html
106,Opredo Seri Dongeng Dunia : Hansel dan Gretel,Tim Oopredoo,60000,Stock di Gudang Supplier,http://www.bukabuku.com/browses/product/9786230028038/opredo-seri-dongeng-dunia-hansel-dan-gretel.html
107,Opredo Seri Dongeng Dunia : Petualangan Sinbad,Tim Oopredoo,60000,Stock di Gudang Supplier,http://www.bukabuku.com/browses/product/9786230027987/opredo-seri-dongeng-dunia-petualangan-sinbad.html
108,KUMPULAN CERITA RAGAM INDONESIA: Anak-Anak Teluk Bone & 12 Cerita Mengenalkan Keragaman Indonesia,Tim Kumpul Dongeng,73600,Stock di Gudang Supplier,http://www.bukabuku.com/browses/product/9786230029196/kumpulan-cerita-ragam-indonesia-anak-anak-teluk-bone-12-cerita-mengenalkan-keragaman-indonesia.html
109,Gemar Membaca PAUD: Dongeng Nusantara,"Heru Kurniawan, Sakanti",72000,Stock di Gudang Supplier,http://www.bukabuku.com/browses/product/9786230028830/gemar-membaca-paud-dongeng-nusantara.html
110,15 Menit Mudah Belajar Baca Tulis,Yusup Somadinata,72000,Stock di Gudang Supplier,http://www.bukabuku.com/browses/product/9786230028847/15-menit-mudah-belajar-baca-tulis.html
111,Aktivitas Dino: Cerdas Angka dan Bentuk,"YULI KISMAWATI, S.Pd.",44000,Stock di Gudang Supplier,http://www.bukabuku.com/browses/product/9786230028823/aktivitas-dino-cerdas-angka-dan-bentuk.html
112,Shimmer & Shine : Berburu Harta Karun,Nickelodeon,32000,Stock di Gudang Supplier,http://www.bukabuku.com/browses/product/9786230305863/shimmer-shine-berburu-harta-karun.html
113,Shimmer & Shine : Aku Mau Menginap,Nickelodeon,36000,Stock di Gudang Supplier,http://www.bukabuku.com/browses/product/9786230305900/shimmer-shine-aku-mau-menginap.html
114,Kamus Bergambar Pintar Bahasa Inggris,Rien Moendariwati Soenarto,72000,Stock di Gudang Supplier,http://www.bukabuku.com/browses/product/9786230028403/kamus-bergambar-pintar-bahasa-inggris.html
115,Rubik Unik Corona,Benny Rhamdani,24000,Stock di Gudang Supplier,http://www.bukabuku.com/browses/product/9786024816728/rubik-unik-corona.html
116,Cerita Hantu Di Sekolah : Jepang (edisi Revisi),"YIM, KANG-JAE",79200,Stock di Gudang Supplier,http://www.bukabuku.com/browses/product/9786230406362/cerita-hantu-di-sekolah-jepang-(edisi-revisi).html
117,Kumpulan Dongeng Paud Mengenal Sains Alam Semesta (bonus Stiker Mewarnai Bip),"Heru Kurniawan, Sri Rahayu",126400,Stock di Gudang Supplier,http://www.bukabuku.com/browses/product/9786230406119/kumpulan-dongeng-paud-mengenal-sains-alam-semesta-(bonus-stiker-mewarnai-bip).html
118,Seri Ensiklopedia Pencinta Alam : Serangga Dan Laba-laba,DK PUBLISHING,62400,Stock di Gudang Supplier,http://www.bukabuku.com/browses/product/9786230405983/seri-ensiklopedia-pencinta-alam-serangga-dan-laba-laba.html
119,Seri Ensiklopedia Pencinta Alam : Angkasa,DK PUBLISHING,62400,Stock di Gudang Supplier,http://www.bukabuku.com/browses/product/9786230405976/seri-ensiklopedia-pencinta-alam-angkasa.html
120,Seri Ensiklopedia Pencinta Alam : Hutan,DK PUBLISHING,62400,Stock di Gudang Supplier,http://www.bukabuku.com/browses/product/9786230405969/seri-ensiklopedia-pencinta-alam-hutan.html
121,Balita Baca Komik Cerita Rakyat : Malin Kundang (Boardbook),Solikhatul Fatonah Kurniawati,41600,Stock di Gudang Supplier,http://www.bukabuku.com/browses/product/9786230406560/balita-baca-komik-cerita-rakyat-malin-kundang-(boardbook).html
122,Balita Baca Komik Cerita Rakyat : Bawang Merah Dan Bawang Putih (Boardbook),Solikhatul Fatonah Kurniawati,41600,Stock di Gudang Supplier,http://www.bukabuku.com/browses/product/9786230406591/balita-baca-komik-cerita-rakyat-bawang-merah-dan-bawang-putih-(boardbook).html
123,Balita Baca Komik Cerita Rakyat : Keong Mas (Boardbook),Solikhatul Fatonah Kurniawati,41600,Stock di Gudang Supplier,http://www.bukabuku.com/browses/product/9786230406577/balita-baca-komik-cerita-rakyat-keong-mas-(boardbook).html
124,Mewarnai Untuk Balita Benda Di Rumahku,KAK BAMBANG,20000,Stock di Gudang Supplier,http://www.bukabuku.com/browses/product/9786239281298/mewarnai-untuk-balita-benda-di-rumahku.html
125,Aku Anak Cerdas dan Mandiri,Dini W. Tamam,56000,Stock di Gudang Supplier,http://www.bukabuku.com/browses/product/9786230028472/aku-anak-cerdas-dan-mandiri.html
126,Si Timoon - Timun Mas Tapi Blo'on,FERDINANDUS RIEKY,30400,Stock di Gudang Supplier,http://www.bukabuku.com/browses/product/9786230305498/si-timoon--timun-mas-tapi-blo-on.html
127,Sekolahku Aneh Banget 2 : Mr. Klutz yang Rada-rada!,DAN GUTMAN,46400,Stock di Gudang Supplier,http://www.bukabuku.com/browses/product/9786230305030/sekolahku-aneh-banget-2-mr-klutz-yang-rada-rada!.html
128,20 Dongeng Bijak Putri Dan Pangeran,NOVI ANGGRAHENI,88000,Stock di Gudang Supplier,http://www.bukabuku.com/browses/product/9786230406324/20-dongeng-bijak-putri-dan-pangeran.html
129,Mummy Fairy and Me vol 3 - Tragedi,Sophie Kinsella,43200,Stock di Gudang Supplier,http://www.bukabuku.com/browses/product/2010001182238/mummy-fairy-and-me-vol-3--tragedi.html
130,Mummy Fairy and Me vol. 4: Keajaiban Putri Duyung,Sophie Kinsella,43200,Stock di Gudang Supplier,http://www.bukabuku.com/browses/product/2010001182221/mummy-fairy-and-me-vol-4-keajaiban-putri-duyung.html
131,Sekolahku Aneh Banget 1 : Miss Daisy yang Lamban!,DAN GUTMAN,43500,Stock di Gudang Supplier,http://www.bukabuku.com/browses/product/9786230305016/sekolahku-aneh-banget-1-miss-daisy-yang-lamban!.html
132,Aku Gembira,"Dini Wahyuni, Anjar Ginanjar",60000,Stock di Gudang Supplier,http://www.bukabuku.com/browses/product/9786230028465/aku-gembira.html
133,Kumpulan Kisah Bijak Dunia,Antonio Reinhard Wisesa,64000,Stock di Gudang Supplier,http://www.bukabuku.com/browses/product/9786230028410/kumpulan-kisah-bijak-dunia.html
134,WILD SYMPHONY,Dan Brown,127200,Stock di Gudang Supplier,http://www.bukabuku.com/browses/product/9786024412357/wild-symphony.html
135,Anak Bajang Menggiring Angin (cover 2021) ISBN LAMA,Sindhunata,113600,Stock di Gudang Supplier,http://www.bukabuku.com/browses/product/2010001182603/anak-bajang-menggiring-angin-(cover-2021)-isbn-lama.html
136,Petualangan Jack & Piggy Natal,J.K. Rowling,85600,Stock di Gudang Supplier,http://www.bukabuku.com/browses/product/9786020657066/petualangan-jack-piggy-natal.html
137,Anjing Kecil Bermata Satu dan Berkaki Tiga,Rini Hapsari Santosa,33600,Stock di Gudang Supplier,http://www.bukabuku.com/browses/product/9786230305276/anjing-kecil-bermata-satu-dan-berkaki-tiga.html
138,Kitty Dan Pengejaran Di Atas Pohon,PAULA HARRISON,53600,Stock di Gudang Supplier,http://www.bukabuku.com/browses/product/9786230405570/kitty-dan-pengejaran-di-atas-pohon.html
139,Kitty Dan Petualangan Di Taman Langit,PAULA HARRISON,53600,Stock di Gudang Supplier,http://www.bukabuku.com/browses/product/9786230405587/kitty-dan-petualangan-di-taman-langit.html
140,GELINDING,Andina Subarja,47200,Stock di Gudang Supplier,http://www.bukabuku.com/browses/product/9786232422698/gelinding.html
141,Ulul Azmi: Nabi Ibrahim A.s. Dan Api Yang Dingin,Abu Razifa,44000,Stock di Gudang Supplier,http://www.bukabuku.com/browses/product/9786232542013/ulul-azmi-nabi-ibrahim-as-dan-api-yang-dingin.html
142,Kisah Bumi,Sayur Kendal Fresh and Organic,59500,Stock di Gudang Supplier,http://www.bukabuku.com/browses/product/9786237794141/kisah-bumi.html
143,Dongeng Mbah Jiwo; Seni Membual Para Binatang,Sujiwo Tejo,66000,Stock di Gudang Supplier,http://www.bukabuku.com/browses/product/9786232935457/dongeng-mbah-jiwo;-seni-membual-para-binatang.html
144,Jam Berapa Sekarang? (boardbook),Erika Medinah,55200,Stock di Gudang Supplier,http://www.bukabuku.com/browses/product/9786232540538/jam-berapa-sekarang-(boardbook).html
145,Seperti Apa Rasa Bulan?,THOMAS CANAVAN,48000,Stock di Gudang Supplier,http://www.bukabuku.com/browses/product/9786230028120/seperti-apa-rasa-bulan.html
146,Buku Aktivitas Aku Pintar Mengenal Profesi (bonus Stiker Mewarnai Bip),Nagiga,44000,Stock di Gudang Supplier,http://www.bukabuku.com/browses/product/9786230405945/buku-aktivitas-aku-pintar-mengenal-profesi-(bonus-stiker-mewarnai-bip).html
147,Buku Aktivitas Aku Pintar Mengenal Benda Elektronik (bonus Stiker Mewarnai Bip),Nagiga,44000,Stock di Gudang Supplier,http://www.bukabuku.com/browses/product/9786230405938/buku-aktivitas-aku-pintar-mengenal-benda-elektronik-(bonus-stiker-mewarnai-bip).html
148,Panduan Hidup Anak Keren 2 : Filsafat Asyik Untuk Anak-anak (edisi Revisi),Hwang Sang Gyu,100000,Stock di Gudang Supplier,http://www.bukabuku.com/browses/product/9786230405792/panduan-hidup-anak-keren-2-filsafat-asyik-untuk-anak-anak-(edisi-revisi).html
149,Mengapa Kamu Cegukan?,THOMAS CANAVAN,56000,Stock di Gudang Supplier,http://www.bukabuku.com/browses/product/9786230022371/mengapa-kamu-cegukan.html
150,Shimmer & Shine : Menonton Film bersama Shimmer & Shine!,Nickelodeon,33750,Stock di Gudang Supplier,http://www.bukabuku.com/browses/product/9786230305443/shimmer-shine-menonton-film-bersama-shimmer-shine!.html
151,Kkm: Dongeng Sebelum Tidur (bonus Sticker),dr. Dian Dahlia Dhamayanti,47200,Stock di Gudang Supplier,http://www.bukabuku.com/browses/product/9786232540514/kkm-dongeng-sebelum-tidur-(bonus-sticker).html
152,Timbo Si Jago Renang,Fatimah Zahra,47200,Stock di Gudang Supplier,http://www.bukabuku.com/browses/product/9786232422711/timbo-si-jago-renang.html
153,THE WITCHES,Roald Dahl,63200,Stock di Gudang Supplier,http://www.bukabuku.com/browses/product/9786232421349/the-witches.html
154,Project Eksperimen Sains,Miles Kelly,116000,Stock di Gudang Supplier,http://www.bukabuku.com/browses/product/9786230404474/project-eksperimen-sains.html
155,Project Eksperimen Bumi,Miles Kelly,116000,Stock di Gudang Supplier,http://www.bukabuku.com/browses/product/9786230404481/project-eksperimen-bumi.html
156,Ensiklopedia Sejarah Dunia,Usborne,252000,Stock di Gudang Supplier,http://www.bukabuku.com/browses/product/9786230402678/ensiklopedia-sejarah-dunia.html
157,"HALO BALITA.PENUNTUN: AYO, MENJAGA JARAK! (BOARDBOOK)",Benny Rhamdani,55200,Stock di Gudang Supplier,http://www.bukabuku.com/browses/product/9786024722777/halo-balitapenuntun-ayo-menjaga-jarak!-(boardbook).html
158,Mummy Fairy and Me Vol. 1,Sophie Kinsella,43200,Stock di Gudang Supplier,http://www.bukabuku.com/browses/product/9786230405150/mummy-fairy-and-me-vol-1.html
159,Aktivitas Anak Paud: Mengenal Budaya Indonesia (bonus Stiker Mewarnai Bip),A. Tabi’in,39200,Stock di Gudang Supplier,http://www.bukabuku.com/browses/product/9786230405648/aktivitas-anak-paud-mengenal-budaya-indonesia-(bonus-stiker-mewarnai-bip).html
160,Aku Anak Genius : Mengenal Anggota Tubuh (bonus Stiker Mewarnai Bip),"A. Tabi’in, Istiqomah, Dyah Savira S.",41600,Stock di Gudang Supplier,http://www.bukabuku.com/browses/product/9786230405341/aku-anak-genius-mengenal-anggota-tubuh-(bonus-stiker-mewarnai-bip).html
161,Cerita Hantu Di Sekolah : Afrika,"YIM, KANG-JAE",79200,Stock di Gudang Supplier,http://www.bukabuku.com/browses/product/9786230405303/cerita-hantu-di-sekolah-afrika.html
162,Kursus Singkat Percakapan Bahasa Inggris,N.s Bramadi,69600,Stock di Gudang Supplier,http://www.bukabuku.com/browses/product/9786230405723/kursus-singkat-percakapan-bahasa-inggris.html
163,I Can Speak English : Family Latihan Soal Anak Cerdas (bonus Stiker Mewarnai Bip),Andre Haribawa,36000,Stock di Gudang Supplier,http://www.bukabuku.com/browses/product/9786230405365/i-can-speak-english-family-latihan-soal-anak-cerdas-(bonus-stiker-mewarnai-bip).html
164,Tanya Jawab Seru Tentang Tumbuhan,Miles Kelly,,Stock tidak tersedia,http://www.bukabuku.com/browses/product/9786230405297/tanya-jawab-seru-tentang-tumbuhan.html
165,SERI KENAPA YA ? 15,SOPHIE DE MULLENHEIM,84000,Stock di Gudang Supplier,http://www.bukabuku.com/browses/product/9786230405143/seri-kenapa-ya-15.html
166,Big Book of Super Fun Coloring Wild Animals,Tim Creative Kids,40000,Stock di Gudang Supplier,http://www.bukabuku.com/browses/product/9786020524269/big-book-of-super-fun-coloring-wild-animals.html
167,Big Book of Super Fun Coloring Sea Animals,Tim Creative Kids,40000,Stock di Gudang Supplier,http://www.bukabuku.com/browses/product/9786020524283/big-book-of-super-fun-coloring-sea-animals.html
168,Big Book of Super Fun Coloring Fruits,Tim Creative Kids,40000,Stock di Gudang Supplier,http://www.bukabuku.com/browses/product/9786020524290/big-book-of-super-fun-coloring-fruits.html
169,Aku Bisa! Aktivitas Pintar Calistung,MISS ULFA,77600,Stock di Gudang Supplier,http://www.bukabuku.com/browses/product/9786020528199/aku-bisa!-aktivitas-pintar-calistung.html
170,Transformers Robots in Disguise: Tim Bumblebee 3,Hasbro,102400,Stock di Gudang Supplier,http://www.bukabuku.com/browses/product/9786020640372/transformers-robots-in-disguise-tim-bumblebee-3.html
171,Transformers Robots in Disguise: Tim Bumblebee 2,Hasbro,102400,Stock di Gudang Supplier,http://www.bukabuku.com/browses/product/9786020640365/transformers-robots-in-disguise-tim-bumblebee-2.html
172,Transformers Robots in Disguise: Tim Bumblebee 1,Hasbro,102400,Stock di Gudang Supplier,http://www.bukabuku.com/browses/product/9786020640358/transformers-robots-in-disguise-tim-bumblebee-1.html
173,Jody dan Anak Rusa (The Yearling),Marjorie Kinnan Rawlings,77600,Stock di Gudang Supplier,http://www.bukabuku.com/browses/product/9789792268294/jody-dan-anak-rusa-(the-yearling).html
174,My Little Pony: Ayo Temui Putri Persahabatan,Hasbro,28000,Stock di Gudang Supplier,http://www.bukabuku.com/browses/product/9786020651323/my-little-pony-ayo-temui-putri-persahabatan.html
175,My Little Pony: Harmoni di Equiestria,Hasbro,28000,Stock di Gudang Supplier,http://www.bukabuku.com/browses/product/9786020651491/my-little-pony-harmoni-di-equiestria.html
176,Pop Up Book Cerita Rakyat Timun Mas dan Buto Ijo,MUHAMAD HAFEZ ACHDA,140000,Stock di Gudang Supplier,http://www.bukabuku.com/browses/product/9786230018558/pop-up-book-cerita-rakyat-timun-mas-dan-buto-ijo.html
177,Kumpulan Kisah Bawah Laut,Wulan Mulya Pratiwi,56000,Stock di Gudang Supplier,http://www.bukabuku.com/browses/product/9786230027611/kumpulan-kisah-bawah-laut.html
178,Kitty Dan Harta Karun Harimau Emas,PAULA HARRISON,53600,Stock di Gudang Supplier,http://www.bukabuku.com/browses/product/9786230405174/kitty-dan-harta-karun-harimau-emas.html
179,Panduan Hidup Anak Keren 1 : Filsafat Seru Untuk Anak-anak (edisi Revisi),"HWANG, SANG GYU",100000,Stock di Gudang Supplier,http://www.bukabuku.com/browses/product/9786230405358/panduan-hidup-anak-keren-1-filsafat-seru-untuk-anak-anak-(edisi-revisi).html
180,Fakta Unik Hewan Menakjubkan,HAN DAE KYU,88000,Stock di Gudang Supplier,http://www.bukabuku.com/browses/product/9786230405211/fakta-unik-hewan-menakjubkan.html
181,Kitty Sang Pahlawan Super 1,PAULA HARRISON,53600,Stock di Gudang Supplier,http://www.bukabuku.com/browses/product/9786230405167/kitty-sang-pahlawan-super-1.html
182,Paud Cerdas Mengenal Emosi : Aktivitas Asyik,Agnes Dessyana,47200,Stock di Gudang Supplier,http://www.bukabuku.com/browses/product/9786230405488/paud-cerdas-mengenal-emosi-aktivitas-asyik.html
183,Paud Cerdas Mengenal Emosi : Aktivitas Seru,Agnes Dessyana,47200,Stock di Gudang Supplier,http://www.bukabuku.com/browses/product/9786230405471/paud-cerdas-mengenal-emosi-aktivitas-seru.html
184,Titipo: Buku Stiker & Game Edukasi,ICONIX,79200,Stock di Gudang Supplier,http://www.bukabuku.com/browses/product/9786020653464/titipo-buku-stiker-game-edukasi.html
185,Titipo: Buku Stiker Edukasi,ICONIX,79200,Stock di Gudang Supplier,http://www.bukabuku.com/browses/product/9786020653457/titipo-buku-stiker-edukasi.html
186,Titipo: Piknik Seru Titipo dan Setter,ICONIX,48000,Stock di Gudang Supplier,http://www.bukabuku.com/browses/product/9786020651101/titipo-piknik-seru-titipo-dan-setter.html
187,Titipo: Aku Ingin Berteman,ICONIX,40000,Stock di Gudang Supplier,http://www.bukabuku.com/browses/product/9786020651118/titipo-aku-ingin-berteman.html
188,Titipo: Kereta Terbaik,ICONIX,48000,Stock di Gudang Supplier,http://www.bukabuku.com/browses/product/9786020651071/titipo-kereta-terbaik.html
189,Frozen: Buku Tahunan 2021,Disney,71200,Stock di Gudang Supplier,http://www.bukabuku.com/browses/product/9786020653068/frozen-buku-tahunan-2021.html
190,Paket Peri di Negeri Kantana,YANNE TW,97500,Stock di Gudang Supplier,http://www.bukabuku.com/browses/product/2010001176565/paket-peri-di-negeri-kantana.html
191,Buku Aktivitas  101 Soal untuk Anak Usia Dini,Heru Kurniawan,68000,Stock di Gudang Supplier,http://www.bukabuku.com/browses/product/9786230305375/buku-aktivitas-101-soal-untuk-anak-usia-dini.html
192,Buku Aktivitas  Cinta Tanah Air,Heru Kurniawan,40000,Stock di Gudang Supplier,http://www.bukabuku.com/browses/product/9786230305382/buku-aktivitas-cinta-tanah-air.html
193,"Bermain, Membaca, Menulis, Berhitung","Heru Kurniawan, Umi Khomsiyatun, Windiya Utami",71200,Stock di Gudang Supplier,http://www.bukabuku.com/browses/product/9786230304231/bermain-membaca-menulis-berhitung.html
194,Aktivitas Mewarnai Angka: Profesi,Cauzura,32000,Stock di Gudang Supplier,http://www.bukabuku.com/browses/product/9786230027352/aktivitas-mewarnai-angka-profesi.html
195,Tanya Jawab Seru Tentang Astronout,Miles Kelly,36000,Stock di Gudang Supplier,http://www.bukabuku.com/browses/product/9786230404924/tanya-jawab-seru-tentang-astronout.html
196,Cerita Dan Aktivitas Asyik : Tomi Dan Kebun Binatang,Lish Adnan,33600,Stock di Gudang Supplier,http://www.bukabuku.com/browses/product/9786230405457/cerita-dan-aktivitas-asyik-tomi-dan-kebun-binatang.html
197,Cerita Dan Aktivitas Asyik : Seli Dan Balon Merah,Lish Adnan,33600,Stock di Gudang Supplier,http://www.bukabuku.com/browses/product/9786230405495/cerita-dan-aktivitas-asyik-seli-dan-balon-merah.html
198,Mengenal Bagian Mesin : Pesawat Luar Angkasa,David West,,Stock tidak tersedia,http://www.bukabuku.com/browses/product/9786230405709/mengenal-bagian-mesin-pesawat-luar-angkasa.html
199,I Can Speak English : Fruit Latihan Soal Anak Cerdas,ANDRE HARIBAWA,36000,Stock di Gudang Supplier,http://www.bukabuku.com/browses/product/2010001176374/i-can-speak-english-fruit-latihan-soal-anak-cerdas.html
200,Disney Princess: Buku Tahunan 2021,Disney,71200,Stock di Gudang Supplier,http://www.bukabuku.com/browses/product/9786020653044/disney-princess-buku-tahunan-2021.html
201,Frozen II: Malam Permainan Keluarga (Family Game Night),Disney,36000,Stock di Gudang Supplier,http://www.bukabuku.com/browses/product/9786020652924/frozen-ii-malam-permainan-keluarga-(family-game-night).html
202,Frozen II: Kunjungan Kerajaan (A Royal Visit),Disney,31200,Stock di Gudang Supplier,http://www.bukabuku.com/browses/product/9786020652900/frozen-ii-kunjungan-kerajaan-(a-royal-visit).html
203,Frozen II: Petualangan Melamar Putri (An Engaging Adventure),Disney,31200,Stock di Gudang Supplier,http://www.bukabuku.com/browses/product/9786020652986/frozen-ii-petualangan-melamar-putri-(an-engaging-adventure).html
204,Smart Big Book 365 Aktivitas TK,Fitri Nurul Aulia,93500,Stock di Gudang Supplier,http://www.bukabuku.com/browses/product/2010001176657/smart-big-book-365-aktivitas-tk.html
205,Seri Kenapa Ya ? 14,Sabine Jourdain,84000,Stock di Gudang Supplier,http://www.bukabuku.com/browses/product/9786230401022/seri-kenapa-ya-14.html
206,Lancar Membaca dan Pintar Menulis Huruf & Angka,MISS ULFA,63200,Stock di Gudang Supplier,http://www.bukabuku.com/browses/product/9786020528083/lancar-membaca-dan-pintar-menulis-huruf-angka.html
207,Kosakata Pertamaku dan Mewarnai: Warna dan Bentuk,"Ana Widyastuti, M.Pd Kons",40000,Stock di Gudang Supplier,http://www.bukabuku.com/browses/product/9786230026843/kosakata-pertamaku-dan-mewarnai-warna-dan-bentuk.html
208,Buku Pertamaku : Benda-benda Di Sekitarku,PICTHALL & GUNZI,42000,Stock di Gudang Supplier,http://www.bukabuku.com/browses/product/9786230305283/buku-pertamaku-benda-benda-di-sekitarku.html
209,Oliver - The Boy Who Turns Into Chocolate Milk,Y.C. Chelsea,,Stock tidak tersedia,http://www.bukabuku.com/browses/product/9786230304354/oliver--the-boy-who-turns-into-chocolate-milk.html
210,Cooking Is Fun!,Ipop Sakti Purintyas,73500,Stock di Gudang Supplier,http://www.bukabuku.com/browses/product/9786230303883/cooking-is-fun!.html
211,Mengenal Benda di Sekitarmu: Bentuk,Lizelot Versteeg,32000,Stock di Gudang Supplier,http://www.bukabuku.com/browses/product/9786230026812/mengenal-benda-di-sekitarmu-bentuk.html
212,Aktivitas Cerdas Bersama Fafa Belajar Angka & Huruf,"Helena Irma, Kanimals",52000,Stock di Gudang Supplier,http://www.bukabuku.com/browses/product/9786230026065/aktivitas-cerdas-bersama-fafa-belajar-angka-huruf.html
213,Aktivitas Cerdas Bersama Fafa Kendaraan,"Helena Irma, Kanimals",52000,Stock di Gudang Supplier,http://www.bukabuku.com/browses/product/9786230026089/aktivitas-cerdas-bersama-fafa-kendaraan.html
214,Aktivitas Cerdas Bersama Fafa Hewan,"Helena Irma, Kanimals",52000,Stock di Gudang Supplier,http://www.bukabuku.com/browses/product/9786230026102/aktivitas-cerdas-bersama-fafa-hewan.html
215,Aktivitas Cerdas Bersama Fafa Buah dan Sayur,"Helena Irma, Kanimals",52000,Stock di Gudang Supplier,http://www.bukabuku.com/browses/product/9786230026096/aktivitas-cerdas-bersama-fafa-buah-dan-sayur.html
216,Seri Penjelajahan Dunia : Petualangan Di Hutan Rimba,David West,39200,Stock di Gudang Supplier,http://www.bukabuku.com/browses/product/9786230405044/seri-penjelajahan-dunia-petualangan-di-hutan-rimba.html
217,Seri Penjelajahan Dunia : Petualangan Di Kutub,David West,39200,Stock di Gudang Supplier,http://www.bukabuku.com/browses/product/9786230405020/seri-penjelajahan-dunia-petualangan-di-kutub.html
218,Seri Penjelajahan Dunia : Penerbangan Di Angkasa,David West,39200,Stock di Gudang Supplier,http://www.bukabuku.com/browses/product/9786230405037/seri-penjelajahan-dunia-penerbangan-di-angkasa.html
219,APEL EMAS,Tere Liye,92000,Stock di Gudang Supplier,http://www.bukabuku.com/browses/product/9786020652689/apel-emas.html
220,Malam Yang Menegangkan,Tere Liye,92000,Stock di Gudang Supplier,http://www.bukabuku.com/browses/product/9786020652764/malam-yang-menegangkan.html
221, Buku Pertama Paud Cerdas Dot To Dot & Mewarnai Sayur & Buah,"KANAYA LARASATI, LT CREW",40000,Stock di Gudang Supplier,http://www.bukabuku.com/browses/product/9786230026645/-buku-pertama-paud-cerdas-dot-to-dot-mewarnai-sayur-buah.html
222, Kumpulan Dongeng Anak Sepanjang Masa,Fleurus,128000,Stock di Gudang Supplier,http://www.bukabuku.com/browses/product/9786230404467/-kumpulan-dongeng-anak-sepanjang-masa.html
223, Why? People - Albert Schweitzer,YeaRimDang,88000,Stock di Gudang Supplier,http://www.bukabuku.com/browses/product/9786230026140/-why-people--albert-schweitzer.html
224, Mengenal Bagian Mesin : Kendaraan Penyelamat,David West,24000,Stock di Gudang Supplier,http://www.bukabuku.com/browses/product/9786230404733/-mengenal-bagian-mesin-kendaraan-penyelamat.html
225,Belajar Huruf Sambil Mengenal Indonesia,Fadila Hanum,36000,Stock di Gudang Supplier,http://www.bukabuku.com/browses/product/9786230404757/belajar-huruf-sambil-mengenal-indonesia.html
226,Mengenal Bagian Mesin : Mobil,David West,24000,Stock di Gudang Supplier,http://www.bukabuku.com/browses/product/9786230404726/mengenal-bagian-mesin-mobil.html
227,Ensiklopedia Junior - Tanya Jawab: Kapan Ya?,EMILIE,100000,Stock di Gudang Supplier,http://www.bukabuku.com/browses/product/9786230404313/ensiklopedia-junior--tanya-jawab-kapan-ya.html
228,Pintar Balita Mewarnai Lingkunganku,NAGIGA AYATI,46750,Stock di Gudang Supplier,http://www.bukabuku.com/browses/product/9786023782864/pintar-balita-mewarnai-lingkunganku.html
229,Pintar Balita Mewarnai Transportasi Dan Rekreasi,NAGIGA AYATI,46750,Stock di Gudang Supplier,http://www.bukabuku.com/browses/product/9786023782871/pintar-balita-mewarnai-transportasi-dan-rekreasi.html
230,Ensiklokiddi Dinosaurus,Mahadewa Adi Seta,48000,Stock di Gudang Supplier,http://www.bukabuku.com/browses/product/9786233271844/ensiklokiddi-dinosaurus.html
231,Pandai Baca & Tulis Best Book For Kids,KAK ELLY,36000,Stock di Gudang Supplier,http://www.bukabuku.com/browses/product/9786029252989/pandai-baca-tulis-best-book-for-kids.html
232,Pandai Berhitung,KAK ELLY,46400,Stock di Gudang Supplier,http://www.bukabuku.com/browses/product/9786029252996/pandai-berhitung.html
233,24 x Pertemuan Lancar Membaca Ini Ibu Budi (4-6 tahun) 2021,RUMAH BACA INDONESIA,44800,Stock di Gudang Supplier,http://www.bukabuku.com/browses/product/9786237623236/24-x-pertemuan-lancar-membaca-ini-ibu-budi-(4-6-tahun)-2021.html
234,Cerita Rusa Ajaib Bertanduk Emas,Florin Ceyanna,36000,Stock di Gudang Supplier,http://www.bukabuku.com/browses/product/9786237014348/cerita-rusa-ajaib-bertanduk-emas.html
235,Jam Berapa Sekarang? Buku Pertama Mengenal Waktu Bagi Anak  Cerdas! (2021),Hendriano,24000,Stock di Gudang Supplier,http://www.bukabuku.com/browses/product/9786237623182/jam-berapa-sekarang-buku-pertama-mengenal-waktu-bagi-anak-cerdas!-(2021).html
236,Cahaya Discovers the King of Fruits,Michelle Kusuma,68000,Stock di Gudang Supplier,http://www.bukabuku.com/browses/product/2010001173137/cahaya-discovers-the-king-of-fruits.html
237,Belajar Angka Sambil Mengenal Indonesia,Fadila Hanum,,Stock tidak tersedia,http://www.bukabuku.com/browses/product/9786230404764/belajar-angka-sambil-mengenal-indonesia.html
238,Belajar Huruf Sambil Mengenal Indonesia,Fadila Hanum,36000,Stock di Gudang Supplier,http://www.bukabuku.com/browses/product/2010001173106/belajar-huruf-sambil-mengenal-indonesia.html
239,Kumpulan Dongeng Anak Sepanjang Masa,Fleurus,128000,Stock di Gudang Supplier,http://www.bukabuku.com/browses/product/2010001173052/kumpulan-dongeng-anak-sepanjang-masa.html
240,Mengenal Bagian Mesin : Kendaraan Penyelamat,David West,24000,Stock di Gudang Supplier,http://www.bukabuku.com/browses/product/2010001173045/mengenal-bagian-mesin-kendaraan-penyelamat.html
241,Mengenal Bagian Mesin : Mobil,David West,24000,Stock di Gudang Supplier,http://www.bukabuku.com/browses/product/2010001173038/mengenal-bagian-mesin-mobil.html
242,Mengenal Profesi Bersama Hewan Favorit #2,"TAUNY AKBARI, DIAN SITI S, RENY ANANTER",54400,Stock di Gudang Supplier,http://www.bukabuku.com/browses/product/2010001173014/mengenal-profesi-bersama-hewan-favorit-2.html
243,Mengenal Profesi Bersama Hewan Favorit #1,"TAUNY AKBARI, DIAN SITI S, RENY ANANTER",54400,Stock di Gudang Supplier,http://www.bukabuku.com/browses/product/2010001173007/mengenal-profesi-bersama-hewan-favorit-1.html
244,QANZA : Kumpulan Kisah 10 Nabi Utusan Allah 1,Multibem,71250,Stock di Gudang Supplier,http://www.bukabuku.com/browses/product/9786230304927/qanza-kumpulan-kisah-10-nabi-utusan-allah-1.html
245,QANZA : Kumpulan Kisah 10 Nabi Utusan Allah 2,Multibem,71250,Stock di Gudang Supplier,http://www.bukabuku.com/browses/product/9786230304934/qanza-kumpulan-kisah-10-nabi-utusan-allah-2.html
246,QANZA : Kumpulan Kisah 10 Nabi Utusan Allah 3,Multibem,86250,Stock di Gudang Supplier,http://www.bukabuku.com/browses/product/9786230304941/qanza-kumpulan-kisah-10-nabi-utusan-allah-3.html
247, Halo Balita Aku Dan Tubuhku,Beby Haryanti Dewi,,Stock tidak tersedia,http://www.bukabuku.com/browses/product/9786024722739/-halo-balita-aku-dan-tubuhku.html
248,Aktivitas Bersama Salim Dan Salma: Kebiasaan Sehatku,Intari Dyah Pramudita,20000,Stock di Gudang Supplier,http://www.bukabuku.com/browses/product/9786232540781/aktivitas-bersama-salim-dan-salma-kebiasaan-sehatku.html
249,Opredo Touch & Flaps Texture Board Book: Animals,Tim Oopredoo,104000,Stock di Gudang Supplier,http://www.bukabuku.com/browses/product/9786230021367/opredo-touch-flaps-texture-board-book-animals.html
250,Shimmer & Shine : Teman Peliharaan Ajaib!,Nickelodeon,44250,Stock di Gudang Supplier,http://www.bukabuku.com/browses/product/9786024808310/shimmer-shine-teman-peliharaan-ajaib!.html
251,Aku Anak Istimewa,SHAHAJA PUTRI,100000,Stock di Gudang Supplier,http://www.bukabuku.com/browses/product/9786230402456/aku-anak-istimewa.html
252,Seri Clever Baby : Hewan Ternak,IRMA PIKIENE,78400,Stock di Gudang Supplier,http://www.bukabuku.com/browses/product/9786230403781/seri-clever-baby-hewan-ternak.html
253,Seri Clever Baby : Hewan Padang Rumput,IRMA PIKIENE,78400,Stock di Gudang Supplier,http://www.bukabuku.com/browses/product/9786230403798/seri-clever-baby-hewan-padang-rumput.html
254,Seri Clever Baby : Hewan Rimba,IRMA PIKIENE,78400,Stock di Gudang Supplier,http://www.bukabuku.com/browses/product/9786230403774/seri-clever-baby-hewan-rimba.html
255,Seri Clever Baby : Hewan Liar,IRMA PIKIENE,78400,Stock di Gudang Supplier,http://www.bukabuku.com/browses/product/9786230403811/seri-clever-baby-hewan-liar.html
256,Buku Aktivitas Wipe & Clean Seri Benda Serba Segitiga,DIAN NOVITASARI,78400,Stock di Gudang Supplier,http://www.bukabuku.com/browses/product/9786230402289/buku-aktivitas-wipe-clean-seri-benda-serba-segitiga.html
257,Komik Sunnah Itu Mudah,"Dian K, Aan Wulandari",96000,Stock di Gudang Supplier,http://www.bukabuku.com/browses/product/9786230404542/komik-sunnah-itu-mudah.html
258,High Contrast Book : Ayo Bobok (boardbook),CARINE FONTAINE,67200,Stock di Gudang Supplier,http://www.bukabuku.com/browses/product/9786230403491/high-contrast-book-ayo-bobok-(boardbook).html
259,High Contrast Book : Kendaraan (boardbook),CARINE FONTAINE,67200,Stock di Gudang Supplier,http://www.bukabuku.com/browses/product/9786230403514/high-contrast-book-kendaraan-(boardbook).html
260,HIGH CONTRAST BOOK : HEWAN (BOARDBOOK),CARINE FONTAINE,67200,Stock di Gudang Supplier,http://www.bukabuku.com/browses/product/9786230403507/high-contrast-book-hewan-(boardbook).html
261,High Contrast Book : Benda Di Sekitar (boardbook),CARINE FONTAINE,67200,Stock di Gudang Supplier,http://www.bukabuku.com/browses/product/9786230403484/high-contrast-book-benda-di-sekitar-(boardbook).html
262,Sight Word Fun Learning: Cara Cepat Belajar Bahasa Inggris,HENNY IRNIAWAN,56000,Stock di Gudang Supplier,http://www.bukabuku.com/browses/product/9786230025105/sight-word-fun-learning-cara-cepat-belajar-bahasa-inggris.html
263,Kisah Favorit dari Eropa Timur,Olivia Bernadette,76000,Stock di Gudang Supplier,http://www.bukabuku.com/browses/product/9786230022364/kisah-favorit-dari-eropa-timur.html
264,Seri Kenapa Ya ? 13,Larousse,84000,Stock di Gudang Supplier,http://www.bukabuku.com/browses/product/9786230401268/seri-kenapa-ya-13.html
265,Buku Aktivitas Anak Muslim : Mengenal Emosi,ANISA WIDYARTI,52000,Stock di Gudang Supplier,http://www.bukabuku.com/browses/product/9786230404085/buku-aktivitas-anak-muslim-mengenal-emosi.html
266,Buku Aktivitas Anak Muslim : Mengenal Anggota Tubuh,Anisa Widiyarti,52000,Stock di Gudang Supplier,http://www.bukabuku.com/browses/product/9786230404153/buku-aktivitas-anak-muslim-mengenal-anggota-tubuh.html
267,Seri Anatomi Hewan : Paus Dan Mamalia Lainnya,David West,39200,Stock di Gudang Supplier,http://www.bukabuku.com/browses/product/9786230404375/seri-anatomi-hewan-paus-dan-mamalia-lainnya.html
268,Seri Anatomi Hewan : Buaya Dan Reptilia Lainnya,David West,39200,Stock di Gudang Supplier,http://www.bukabuku.com/browses/product/9786230404368/seri-anatomi-hewan-buaya-dan-reptilia-lainnya.html
269,Seri Anatomi Hewan : Laba-laba Dan Hewan Merayap Lainnya,David West,39200,Stock di Gudang Supplier,http://www.bukabuku.com/browses/product/9786230404399/seri-anatomi-hewan-laba-laba-dan-hewan-merayap-lainnya.html
270,Seri Anatomi Hewan : Penguin Dan Unggas Lainnya,David West,39200,Stock di Gudang Supplier,http://www.bukabuku.com/browses/product/9786230404382/seri-anatomi-hewan-penguin-dan-unggas-lainnya.html
271,Seri Anatomi Hewan : Hiu Dan Ikan Lainnya,David West,39200,Stock di Gudang Supplier,http://www.bukabuku.com/browses/product/9786230404351/seri-anatomi-hewan-hiu-dan-ikan-lainnya.html
272,Seri Anatomi Hewan : Katak Dan Amfibi Lainnya,David West,39200,Stock di Gudang Supplier,http://www.bukabuku.com/browses/product/9786230404344/seri-anatomi-hewan-katak-dan-amfibi-lainnya.html
273,Aisyah Sofia - Karyawisata Sekolah,"Saridah Hamid, reja",68000,Stock di Gudang Supplier,http://www.bukabuku.com/browses/product/9786230304583/aisyah-sofia--karyawisata-sekolah.html
274,Cookie Run Sweet Escape Adventure! - Hi-Tech Teknologi Canggih Masa Kini,"Seoul Cultural Publishers, Inc.",68000,Stock di Gudang Supplier,http://www.bukabuku.com/browses/product/9786230025228/cookie-run-sweet-escape-adventure!--hi-tech-teknologi-canggih-masa-kini.html
275,Ensiklopedia Super Seru: Dinosaurus,LANGUE AU CHAT,180000,Stock di Gudang Supplier,http://www.bukabuku.com/browses/product/9786230400780/ensiklopedia-super-seru-dinosaurus.html
276,"Ensiklopedia Super Seru: Halo, Bumi!",HEMMA,180000,Stock di Gudang Supplier,http://www.bukabuku.com/browses/product/9786230400285/ensiklopedia-super-seru-halo-bumi!.html
277,Seri Transportasi Paud  : Bandara,Nagiga,60000,Stock di Gudang Supplier,http://www.bukabuku.com/browses/product/9786230404405/seri-transportasi-paud--bandara.html
278,Seri Transportasi Paud  : Pelabuhan,Nagiga,60000,Stock di Gudang Supplier,http://www.bukabuku.com/browses/product/9786230404443/seri-transportasi-paud--pelabuhan.html
279,Cepat Belajar Membaca dengan AIUEO - Dilengkapi Hadis dan Aktivitas Islami,Widya Ross,63200,Stock di Gudang Supplier,http://www.bukabuku.com/browses/product/9786020641478/cepat-belajar-membaca-dengan-aiueo--dilengkapi-hadis-dan-aktivitas-islami.html
280,Bersihkanlah Kamarmu!,Widya Ross,85600,Stock di Gudang Supplier,http://www.bukabuku.com/browses/product/9786020642024/bersihkanlah-kamarmu!.html
281,Aku Ingin Tahu,NURUL FITRI F E.RAMDHAN,68000,Stock di Gudang Supplier,http://www.bukabuku.com/browses/product/9786230011979/aku-ingin-tahu.html
282,"Buku Aktivitas Paud Awali Dengan Bismillah, Akhiri Dengan Alhamdulillah",FIRDAUS HUSAINII,59200,Stock di Gudang Supplier,http://www.bukabuku.com/browses/product/9786230400605/buku-aktivitas-paud-awali-dengan-bismillah-akhiri-dengan-alhamdulillah.html
283,Pandai Menulis Halus Dengan Indah & Rapi,Kak Daffa,28000,Stock di Gudang Supplier,http://www.bukabuku.com/browses/product/9786237623267/pandai-menulis-halus-dengan-indah-rapi.html
284," Aku Tahu Wajib, Sunah, Haram, Makruh Dan Mubah",n/a,50250,Stock di Gudang Supplier,http://www.bukabuku.com/browses/product/9786237576853/-aku-tahu-wajib-sunah-haram-makruh-dan-mubah.html
285,Kartu Doa Sehari-hari,TIM EFK,48750,Stock di Gudang Supplier,http://www.bukabuku.com/browses/product/9786024674588/kartu-doa-sehari-hari.html
286,KARTU ANGKA,TIM EFK,48750,Stock di Gudang Supplier,http://www.bukabuku.com/browses/product/9786024674427/kartu-angka.html
287,Kartu Huruf,TIM EFK,48750,Stock di Gudang Supplier,http://www.bukabuku.com/browses/product/9786024674557/kartu-huruf.html
288,Paud Mengenal Keluarga,EDI SUKMANA,42400,Stock di Gudang Supplier,http://www.bukabuku.com/browses/product/9786230401978/paud-mengenal-keluarga.html
289,Lebaran Ceria,Renny Yaniar,78400,Stock di Gudang Supplier,http://www.bukabuku.com/browses/product/9786020524528/lebaran-ceria.html
290,Opredo Floor Puzzle Activity & Book of 123,Tim Oopredoo,140000,Stock di Gudang Supplier,http://www.bukabuku.com/browses/product/9786230022456/opredo-floor-puzzle-activity-book-of-123.html
291,Opredo Floor Puzzle Activity & Book of ABC,Tim Oopredoo,140000,Stock di Gudang Supplier,http://www.bukabuku.com/browses/product/9786230022463/opredo-floor-puzzle-activity-book-of-abc.html
292,Seri Chibi Maruko Chan: Buah dan Warna,Pionicon,32000,Stock di Gudang Supplier,http://www.bukabuku.com/browses/product/9786230024207/seri-chibi-maruko-chan-buah-dan-warna.html
293,Ada Alien di Luar Angkasa?,Tim Kok Bisa,56000,Stock di Gudang Supplier,http://www.bukabuku.com/browses/product/2010001168478/ada-alien-di-luar-angkasa.html
294,Seri Chibi Maruko Chan: Hewan Dan Angka,"CHARLES YOHANNES, Pionicon",32000,Stock di Gudang Supplier,http://www.bukabuku.com/browses/product/9786230024221/seri-chibi-maruko-chan-hewan-dan-angka.html
295,Cookie Run Sweet Escape Adventure! - Escape Game Science,"Seoul Cultural Publisher, Inc.",68000,Stock di Gudang Supplier,http://www.bukabuku.com/browses/product/9786230024849/cookie-run-sweet-escape-adventure!--escape-game-science.html
296,Aktivitas Balita Cerdas: Alam Sekitarku,Chitra Astriana,36000,Stock di Gudang Supplier,http://www.bukabuku.com/browses/product/9786024815554/aktivitas-balita-cerdas-alam-sekitarku.html
297,Aktivitas Balita Cerdas: Dunia Dinosaurus,Chitra Astriana,36000,Stock di Gudang Supplier,http://www.bukabuku.com/browses/product/9786024815561/aktivitas-balita-cerdas-dunia-dinosaurus.html
298,99+ Aktivitas Cerdas Membaca Menulis Dan Berhitung,Heru Kurniawan,77600,Stock di Gudang Supplier,http://www.bukabuku.com/browses/product/9786020526775/99+-aktivitas-cerdas-membaca-menulis-dan-berhitung.html
299,"Anak Tangguh, Anak Pemimpin","Watiek Ideo, Nindia Maya, alumni kulwapp @ceritakita batch 3",100000,Stock di Gudang Supplier,http://www.bukabuku.com/browses/product/2010001167136/anak-tangguh-anak-pemimpin.html
300,SERI FLASH CARD : HEWAN,BALLOON MEDIA,116000,Stock di Gudang Supplier,http://www.bukabuku.com/browses/product/9786230402593/seri-flash-card-hewan.html
301,Seri Flash Card : Benda Di Sekitar,BALLOON MEDIA,116000,Stock di Gudang Supplier,http://www.bukabuku.com/browses/product/9786230402586/seri-flash-card-benda-di-sekitar.html
302,Why? Medication and Treatment,YeaRimDang,88000,Stock di Gudang Supplier,http://www.bukabuku.com/browses/product/9786230024757/why-medication-and-treatment.html
303,Opredo Pop Up Book Yuk Jalan-jalan Jogja,n/a,111200,Stock di Gudang Supplier,http://www.bukabuku.com/browses/product/9786230024153/opredo-pop-up-book-yuk-jalan-jalan-jogja.html
304,Opredo My First Board Book of 123,n/a,44000,Stock di Gudang Supplier,http://www.bukabuku.com/browses/product/9786230024115/opredo-my-first-board-book-of-123.html
305,Opredo My First Board Book of Colors,n/a,44000,Stock di Gudang Supplier,http://www.bukabuku.com/browses/product/9786230024122/opredo-my-first-board-book-of-colors.html
306,Qanza : Allah Baik Sekali - Mengenal  Sifat-sifat Allah Swt,"Ozkan Oze, Ceyhun Sen",66750,Stock di Gudang Supplier,http://www.bukabuku.com/browses/product/9786230304217/qanza-allah-baik-sekali--mengenal-sifat-sifat-allah-swt.html
307,Qanza : Nabi Muhammad Saw Idolaku,Multibem,51750,Stock di Gudang Supplier,http://www.bukabuku.com/browses/product/9786230303975/qanza-nabi-muhammad-saw-idolaku.html
308,Qanza : Malaikat Yang Menjagaku,"Razana Noor, Omar Burgess",33750,Stock di Gudang Supplier,http://www.bukabuku.com/browses/product/9786230303845/qanza-malaikat-yang-menjagaku.html
309,Sepekan Dongeng Anak : T-rex Dan Benda Misterius,CHARLOTTE GROSSETETE,60000,Stock di Gudang Supplier,http://www.bukabuku.com/browses/product/9786230403712/sepekan-dongeng-anak-t-rex-dan-benda-misterius.html
310,Sepekan Dongeng Anak : Lusi Si Burung Hantu Yang Kesepian,CHARLOTTE GROSSETETE,60000,Stock di Gudang Supplier,http://www.bukabuku.com/browses/product/9786230403682/sepekan-dongeng-anak-lusi-si-burung-hantu-yang-kesepian.html
311,SERI KENAPA YA ? 11,Larousse,84000,Stock di Gudang Supplier,http://www.bukabuku.com/browses/product/9786230402623/seri-kenapa-ya-11.html
312,60 Tes IQ Untuk Anak Pintar,Herry Prasetyo,71200,Stock di Gudang Supplier,http://www.bukabuku.com/browses/product/9786230403576/60-tes-iq-untuk-anak-pintar.html
313,Aktivitas Asyik Mengenal Pancaindra,Nagiga,62400,Stock di Gudang Supplier,http://www.bukabuku.com/browses/product/9786230403545/aktivitas-asyik-mengenal-pancaindra.html
314,Aktivitas Asyik Mengenal Tubuhku,Nagiga,62400,Stock di Gudang Supplier,http://www.bukabuku.com/browses/product/9786230403552/aktivitas-asyik-mengenal-tubuhku.html
315,"AYO, CARI TAHU! CODING",JAMES FLOYD KELLY,76800,Stock di Gudang Supplier,http://www.bukabuku.com/browses/product/9786230403521/ayo-cari-tahu!-coding.html
316,MEMBACA DAN MENULIS BERSAMA HIRO,Herry Prasetyo,60800,Stock di Gudang Supplier,http://www.bukabuku.com/browses/product/9786230401930/membaca-dan-menulis-bersama-hiro.html
317,KENDARAAN DAN SENJATA TEMPUR : KAPAL SELAM,David West,39200,Stock di Gudang Supplier,http://www.bukabuku.com/browses/product/9786230403651/kendaraan-dan-senjata-tempur-kapal-selam.html
318,KENDARAAN DAN SENJATA TEMPUR : RUDAL & ROKET,David West,39200,Stock di Gudang Supplier,http://www.bukabuku.com/browses/product/9786230403675/kendaraan-dan-senjata-tempur-rudal-roket.html
319,Kendaraan Dan Senjata Tempur : Kapal Perang,David West,39200,Stock di Gudang Supplier,http://www.bukabuku.com/browses/product/9786230403644/kendaraan-dan-senjata-tempur-kapal-perang.html
320,Kendaraan Dan Senjata Tempur : Kapal Perang,David West,39200,Stock di Gudang Supplier,http://www.bukabuku.com/browses/product/9786230403644/kendaraan-dan-senjata-tempur-kapal-perang.html
321,KENDARAAN DAN SENJATA TEMPUR : TANK,David West,39200,Stock di Gudang Supplier,http://www.bukabuku.com/browses/product/9786230403668/kendaraan-dan-senjata-tempur-tank.html
322,FABEL UNTUK ANAK HEBAT,Lutfia Khoirunisa,76000,Stock di Gudang Supplier,http://www.bukabuku.com/browses/product/9786230022388/fabel-untuk-anak-hebat.html
323,AKTIVITAS SUPER MENINGKATKAN IQ BINATANG BUAS,Wulan Mulya Pratiwi,32000,Stock di Gudang Supplier,http://www.bukabuku.com/browses/product/9786230024252/aktivitas-super-meningkatkan-iq-binatang-buas.html
324,OPREDO SOFT CONTRAST BOOK: BINATANG,Tim Oopredoo,88000,Stock di Gudang Supplier,http://www.bukabuku.com/browses/product/9786230023859/opredo-soft-contrast-book-binatang.html
325,OPREDO SOFT CONTRAST BOOK: BENTUK & CORAK,Tim Oopredoo,88000,Stock di Gudang Supplier,http://www.bukabuku.com/browses/product/9786230023866/opredo-soft-contrast-book-bentuk-corak.html
326,SHIMMER & SHINE : BUKU STIKER & AKTIVITAS,Nickelodeon,88500,Stock di Gudang Supplier,http://www.bukabuku.com/browses/product/2010001166726/shimmer-shine-buku-stiker-aktivitas.html
327,SHIMMER & SHINE : 600 STIKER,Nickelodeon,48750,Stock di Gudang Supplier,http://www.bukabuku.com/browses/product/9786230303449/shimmer-shine-600-stiker.html
328,33 Kisah Wanita Superhebat Di Masa Lalu,Arum Faiza,60000,Stock di Gudang Supplier,http://www.bukabuku.com/browses/product/9786230024009/33-kisah-wanita-superhebat-di-masa-lalu.html
329,Seri Kenapa Ya ? 9,Larousse,84000,Stock di Gudang Supplier,http://www.bukabuku.com/browses/product/9786230402609/seri-kenapa-ya-9.html
330,Seri Kenapa Ya ? 10,Larousse,84000,Stock di Gudang Supplier,http://www.bukabuku.com/browses/product/9786230402616/seri-kenapa-ya-10.html
331,Why? People - Leonardo Da Vinci,YeaRimDang,88000,Stock di Gudang Supplier,http://www.bukabuku.com/browses/product/9786230022333/why-people--leonardo-da-vinci.html
332,ENSIKLOPEDIA JUNIOR : KAPAL LAUT,Fleurus,88000,Stock di Gudang Supplier,http://www.bukabuku.com/browses/product/9786230403392/ensiklopedia-junior-kapal-laut.html
333,"AYO, CARI TAHU! DUNIA SATWA",Andrea Mills,76800,Stock di Gudang Supplier,http://www.bukabuku.com/browses/product/9786230403590/ayo-cari-tahu!-dunia-satwa.html
334,"AYO, CARI TAHU! HIU","SARAH FOWLER, OBE",76800,Stock di Gudang Supplier,http://www.bukabuku.com/browses/product/9786230403583/ayo-cari-tahu!-hiu.html
335,The Ultimate Guide : Dinosaurus,Miles Kelly,200000,Stock di Gudang Supplier,http://www.bukabuku.com/browses/product/9786230402562/the-ultimate-guide-dinosaurus.html
336,SI ANAK PELANGI,Tere Liye,80750,Stock di Gudang Supplier,http://www.bukabuku.com/browses/product/9786239607432/si-anak-pelangi.html
337,SI ANAK BADAI,Tere Liye,80750,Stock di Gudang Supplier,http://www.bukabuku.com/browses/product/2010001165989/si-anak-badai.html
338,SI ANAK CAHAYA,Tere Liye,80750,Stock di Gudang Supplier,http://www.bukabuku.com/browses/product/2010001165972/si-anak-cahaya.html
339,SI ANAK PEMBERANI,Tere Liye,80750,Stock di Gudang Supplier,http://www.bukabuku.com/browses/product/2010001165965/si-anak-pemberani.html
340,SI ANAK KUAT,Tere Liye,80750,Stock di Gudang Supplier,http://www.bukabuku.com/browses/product/2010001165958/si-anak-kuat.html
341,SI ANAK PINTAR,Tere Liye,80750,Stock di Gudang Supplier,http://www.bukabuku.com/browses/product/2010001165941/si-anak-pintar.html
342,SI ANAK SPESIAL,Tere Liye,80750,Stock di Gudang Supplier,http://www.bukabuku.com/browses/product/2010001165934/si-anak-spesial.html
343,Belajar Karakter: Rendi Sakit Perut,ATALIYA PRARATYA,26250,Stock di Gudang Supplier,http://www.bukabuku.com/browses/product/2010001168355/belajar-karakter-rendi-sakit-perut.html
344,Buku Cahaya Mengenal Antariksa Ciptaan Allah,Richanadia,88000,Stock di Gudang Supplier,http://www.bukabuku.com/browses/product/9786232421042/buku-cahaya-mengenal-antariksa-ciptaan-allah.html
345,Aku Rajin Mencuci Tangan,Benny Rhamdani,47200,Stock di Gudang Supplier,http://www.bukabuku.com/browses/product/9786024722708/aku-rajin-mencuci-tangan.html
346,Halo Balita.penuntun: Aku Belajar Pipis Di Toilet (boardbook),Benny Rhamdani,55200,Stock di Gudang Supplier,http://www.bukabuku.com/browses/product/9786024722692/halo-balitapenuntun-aku-belajar-pipis-di-toilet-(boardbook).html
347,Sepekan Dongeng Anak : Putri Dari Pulau Kecil,CHARLOTTE GROSSETETE,60000,Stock di Gudang Supplier,http://www.bukabuku.com/browses/product/9786230403439/sepekan-dongeng-anak-putri-dari-pulau-kecil.html
348,Sepekan Dongeng Anak Satu Hari Satu Cerita: Dodo si Kelinci dan Negeri Mimpi,Fleurus,,Stock tidak tersedia,http://www.bukabuku.com/browses/product/9786230403446/sepekan-dongeng-anak-satu-hari-satu-cerita-dodo-si-kelinci-dan-negeri-mimpi.html
349,"Seri Nona, Anak Dan Lingkungannya : Halo, Aku Nona!",DIAN NOFITASARI,33750,Stock di Gudang Supplier,http://www.bukabuku.com/browses/product/9786230300028/seri-nona-anak-dan-lingkungannya-halo-aku-nona!.html
350,"Seri Nona, Anak Dan Lingkungannya : Ayo, Bantu Ayah Ibu!",DIAN NOFITASARI,33750,Stock di Gudang Supplier,http://www.bukabuku.com/browses/product/9786230300448/seri-nona-anak-dan-lingkungannya-ayo-bantu-ayah-ibu!.html
351,"Seri Nona, Anak Dan Lingkungannya : Waktunya Bermain",DIAN NOFITASARI,33750,Stock di Gudang Supplier,http://www.bukabuku.com/browses/product/9786230300455/seri-nona-anak-dan-lingkungannya-waktunya-bermain.html
352,Shimmer & Shine : Berkilau Dengan Cinta,Nickelodeon,48750,Stock di Gudang Supplier,http://www.bukabuku.com/browses/product/9786230300707/shimmer-shine-berkilau-dengan-cinta.html
353,Science Wonder Quest : Kenali Hewan-hewan Berbahaya Di Sekitarmu!,Gakken Plus,73500,Stock di Gudang Supplier,http://www.bukabuku.com/browses/product/9786230302879/science-wonder-quest-kenali-hewan-hewan-berbahaya-di-sekitarmu!.html
354,Buku Mewarnai Cerita: Mengenal Sayur-sayuran Ciptaan Allah,Jee Luvina,40000,Stock di Gudang Supplier,http://www.bukabuku.com/browses/product/9786230023835/buku-mewarnai-cerita-mengenal-sayur-sayuran-ciptaan-allah.html
355,ANAK PINTAR PENUH KREASI,Dwi Putra,63200,Stock di Gudang Supplier,http://www.bukabuku.com/browses/product/9786230401923/anak-pintar-penuh-kreasi.html
356,BELAJAR SAINS : SERANGGA,WU MEIZHEN,78400,Stock di Gudang Supplier,http://www.bukabuku.com/browses/product/9786230402371/belajar-sains-serangga.html
357,BELAJAR SAINS : ANTARIKSA,WU MEIZHEN,78400,Stock di Gudang Supplier,http://www.bukabuku.com/browses/product/9786230402241/belajar-sains-antariksa.html
358,MENGENAL HURUF SAMBIL BELAJAR BAHASA INGGRIS,Valia Yovanka,39200,Stock di Gudang Supplier,http://www.bukabuku.com/browses/product/9786230402173/mengenal-huruf-sambil-belajar-bahasa-inggris.html
359,MENGENAL ANGKA SAMBIL BELAJAR BAHASA INGGRIS,Valia Yovanka,39200,Stock di Gudang Supplier,http://www.bukabuku.com/browses/product/9786230402197/mengenal-angka-sambil-belajar-bahasa-inggris.html
360,"AYO, CARI TAHU! TUBUH MANUSIA",DR. BIPASHA CHOUDHURY,76800,Stock di Gudang Supplier,http://www.bukabuku.com/browses/product/9786230403538/ayo-cari-tahu!-tubuh-manusia.html
361,"Ayo, Cari Tahu! Dinosaurus",Andrea Mills,76800,Stock di Gudang Supplier,http://www.bukabuku.com/browses/product/9786230403385/ayo-cari-tahu!-dinosaurus.html
362,Aku Pandai Membaca (buku Aktivitas Paud Dengan Metode 5 Level),MISS ULFA,79200,Stock di Gudang Supplier,http://www.bukabuku.com/browses/product/9786020524559/aku-pandai-membaca-(buku-aktivitas-paud-dengan-metode-5-level).html
363,Bisakah Sinterklas Menolong?,Seo Bo Hyeon,41250,Stock di Gudang Supplier,http://www.bukabuku.com/browses/product/9786230302282/bisakah-sinterklas-menolong.html
364,Dally Tak Rakus Lagi,Shin Yeon Mi,41250,Stock di Gudang Supplier,http://www.bukabuku.com/browses/product/9786230302305/dally-tak-rakus-lagi.html
365,Educomics Plants Vs Zombies : Cuaca Dan Iklim,XIAO JIANG NAN,78400,Stock di Gudang Supplier,http://www.bukabuku.com/browses/product/9786230401855/educomics-plants-vs-zombies-cuaca-dan-iklim.html
366,Mengusir Para Cacing,"Lee Hye-ok, Hwang Seong-hye",44000,Stock di Gudang Supplier,http://www.bukabuku.com/browses/product/9786230303135/mengusir-para-cacing.html
367,Kembalikan Rumahku!,"Jeon Byeong-jun, Lee Won-gyeong",44000,Stock di Gudang Supplier,http://www.bukabuku.com/browses/product/9786230302275/kembalikan-rumahku!.html
368,Hakim Boco Kebingungan,"Yang Dae-seung, Park Su-jeong",44000,Stock di Gudang Supplier,http://www.bukabuku.com/browses/product/9786230302244/hakim-boco-kebingungan.html
369,Opredo Slide and See Magic Book - Angka,Tim Oopredoo,120000,Stock di Gudang Supplier,http://www.bukabuku.com/browses/product/9786230021435/opredo-slide-and-see-magic-book--angka.html
370,Opredo Slide and See Magic Book - Huruf,Tim Oopredoo,120000,Stock di Gudang Supplier,http://www.bukabuku.com/browses/product/9786230021428/opredo-slide-and-see-magic-book--huruf.html
371,Opredo Smart Baby Book Collection: First Words,Tim Oopredoo,120000,Stock di Gudang Supplier,http://www.bukabuku.com/browses/product/9786230014482/opredo-smart-baby-book-collection-first-words.html
372,Aktivitas Super PAUD Hewan Darat,Andi Putra,31200,Stock di Gudang Supplier,http://www.bukabuku.com/browses/product/9786230023767/aktivitas-super-paud-hewan-darat.html
373,Aktivitas Super PAUD Hewan Laut,Andi Putra,31200,Stock di Gudang Supplier,http://www.bukabuku.com/browses/product/9786230023774/aktivitas-super-paud-hewan-laut.html
374,Super Coloring Lingkungan Hidup,Kak Daffa,31600,Stock di Gudang Supplier,http://www.bukabuku.com/browses/product/9786025754722/super-coloring-lingkungan-hidup.html
375,Boardbook Pertamaku: Benda Sekitar (Paket 1),BALLON MEDIA,108000,Stock di Gudang Supplier,http://www.bukabuku.com/browses/product/9786230402203/boardbook-pertamaku-benda-sekitar-(paket-1).html
376,Boardbook Pertamaku: Hewan (Paket 2),BALLON MEDIA,108000,Stock di Gudang Supplier,http://www.bukabuku.com/browses/product/9786230402210/boardbook-pertamaku-hewan-(paket-2).html
377,Ensiklopedia Mini: Alam Semesta,Yusup Somadinata,132000,Stock di Gudang Supplier,http://www.bukabuku.com/browses/product/9786230020360/ensiklopedia-mini-alam-semesta.html
378,Aktivitas dan Cerita Mengenal Profesi,Dwi Putra,48000,Stock di Gudang Supplier,http://www.bukabuku.com/browses/product/9786230021527/aktivitas-dan-cerita-mengenal-profesi.html
379,Opredo Soft Book Hijaiah: 123 Berhitung Hewan,Tim Oopredoo,96000,Stock di Gudang Supplier,http://www.bukabuku.com/browses/product/9786230022203/opredo-soft-book-hijaiah-123-berhitung-hewan.html
380,Opredo Pop Up Book : Serangga Eksotis,Hafez Achda,140000,Stock di Gudang Supplier,http://www.bukabuku.com/browses/product/9786230022296/opredo-pop-up-book-serangga-eksotis.html
381,Opredo Boneka Jari - Kisah Kelinci dan Kura-kura,Tim Oopredoo,56250,Stock di Gudang Supplier,http://www.bukabuku.com/browses/product/9786230022630/opredo-boneka-jari--kisah-kelinci-dan-kura-kura.html
382,Opredo Boneka Jari - Kisah Rubah dan Singa Tua,Tim Oopredoo,56250,Stock di Gudang Supplier,http://www.bukabuku.com/browses/product/9786230022647/opredo-boneka-jari--kisah-rubah-dan-singa-tua.html
383,Mega Book - Hiu,Picthall and Gunzi,48750,Stock di Gudang Supplier,http://www.bukabuku.com/browses/product/9786230301629/mega-book--hiu.html
384,Mega Book - Truk,Picthall and Gunzi,48750,Stock di Gudang Supplier,http://www.bukabuku.com/browses/product/9786230303494/mega-book--truk.html
385,Mega Book - Mobil,Picthall and Gunzi,45000,Stock di Gudang Supplier,http://www.bukabuku.com/browses/product/9786230303722/mega-book--mobil.html
386,Aku Anak Sehat dan Kuat,YANNE TW,63750,Stock di Gudang Supplier,http://www.bukabuku.com/browses/product/9786230303814/aku-anak-sehat-dan-kuat.html
387,Mega Book - Dinosaurus,Picthall and Gunzi,48750,Stock di Gudang Supplier,http://www.bukabuku.com/browses/product/9786230303463/mega-book--dinosaurus.html
388,Mega Book - Pesawat,Picthall and Gunzi,45000,Stock di Gudang Supplier,http://www.bukabuku.com/browses/product/9786230303470/mega-book--pesawat.html
389,Mega Book - Traktor,Picthall and Gunzi,48750,Stock di Gudang Supplier,http://www.bukabuku.com/browses/product/9786230303487/mega-book--traktor.html
390,Fun Coloring : Mewarnai Kebun Binatang,FITRI NURUL AULIA,29750,Stock di Gudang Supplier,http://www.bukabuku.com/browses/product/9786237794080/fun-coloring-mewarnai-kebun-binatang.html
391,Komik Kkpk : Balirina,"Muthia Fadhila Khairunnisa, dkk",28000,Stock di Gudang Supplier,http://www.bukabuku.com/browses/product/9786232540705/komik-kkpk-balirina.html
392,Super Coloring Hewan Karnivora,Julian Aristo,31600,Stock di Gudang Supplier,http://www.bukabuku.com/browses/product/9786025754685/super-coloring-hewan-karnivora.html
393,Mewarnai Binatang Benua Amerika New Edition Bonus Stiker (Indonesia-,KAK ELLY,28000,Stock di Gudang Supplier,http://www.bukabuku.com/browses/product/9786029252811/mewarnai-binatang-benua-amerika-new-edition-bonus-stiker-(indonesia-.html
394,Opredo Kumpulan Dongeng Klasik Sepanjang Masa,Yohana Stefanie Rawatan,112500,Stock di Gudang Supplier,http://www.bukabuku.com/browses/product/9786230021275/opredo-kumpulan-dongeng-klasik-sepanjang-masa.html
395,Why? Medical Equipment - Alat-Alat Kesehatan,YeaRimDang,88000,Stock di Gudang Supplier,http://www.bukabuku.com/browses/product/9786230021701/why-medical-equipment--alat-alat-kesehatan.html
396,Cookie Run Sweet Escape Adventure! - Super Robot Science,"Seoul Cultural Publishers, Inc.",68000,Stock di Gudang Supplier,http://www.bukabuku.com/browses/product/9786230021893/cookie-run-sweet-escape-adventure!--super-robot-science.html
397,Wow! Ensiklopedia 4D: Rahasia Samudra,Devar Entertainment,65600,Stock di Gudang Supplier,http://www.bukabuku.com/browses/product/9786020648866/wow!-ensiklopedia-4d-rahasia-samudra.html
398,Wow! Ensiklopedia 4D: Dunia Hewan,Devar Entertainment,65600,Stock di Gudang Supplier,http://www.bukabuku.com/browses/product/9786020648873/wow!-ensiklopedia-4d-dunia-hewan.html
399,Wow! Ensiklopedia 4D: Dinosaurus,Devar Entertainment,65600,Stock di Gudang Supplier,http://www.bukabuku.com/browses/product/9786020649047/wow!-ensiklopedia-4d-dinosaurus.html
