image_urls,brand_name,country,year
https://www.carlogos.org/tire-logos/goodyear-logo.png,Goodyear logo,United States,1898-Present
https://www.carlogos.org/tire-logos/bridgestone-logo.png,Bridgestone logo,Japan,1931-Present
https://www.carlogos.org/tire-logos/firestone-logo.png,Firestone logo,United States,1900-Present
https://www.carlogos.org/tire-logos/michelin-logo.png,Michelin logo,France,1889-Present
https://www.carlogos.org/tire-logos/continental-logo.png,Continental logo,Germany,1871-Present
https://www.carlogos.org/tire-logos/gladiator-logo.png,Gladiator logo,United States,Present
https://www.carlogos.org/tire-logos/dunlop-logo.png,Dunlop logo,United Kingdom,1889-Present
https://www.carlogos.org/tire-logos/pirelli-logo.png,Pirelli logo,Italy,1872-Present
https://www.carlogos.org/tire-logos/toyo-logo.png,Toyo logo,Japan,1945-Present
https://www.carlogos.org/tire-logos/cooper-logo.png,Cooper logo,United States,1914-Present
https://www.carlogos.org/tire-logos/general-logo.png,General logo,United States,1915-Present
https://www.carlogos.org/tire-logos/hercules-logo.png,Hercules logo,United States,1952-Present
https://www.carlogos.org/tire-logos/hoosier-logo.png,Hoosier logo,United States,1957-Present
https://www.carlogos.org/tire-logos/nitto-logo.png,Nitto logo,United States,1949-Present
https://www.carlogos.org/tire-logos/yokohama-logo.png,Yokohama logo,Japan,1917-Present
https://www.carlogos.org/tire-logos/coker-logo.png,Coker logo,United States,1958-Present
https://www.carlogos.org/tire-logos/sumitomo-logo.png,Sumitomo logo,Japan,1909-Present
https://www.carlogos.org/tire-logos/bfgoodrich-logo.png,BFGoodrich logo,Japan,1870-Present
https://www.carlogos.org/tire-logos/carlisle-logo.png,Carlisle logo,United States,1917-Present
https://www.carlogos.org/tire-logos/falken-logo.png,Falken logo,Japan,1983-Present
https://www.carlogos.org/tire-logos/hankook-logo.png,Hankook logo,South Korea,1941-Present
https://www.carlogos.org/tire-logos/mickey-thompson-logo.png,Mickey Thompson logo,United States,1963-Present
https://www.carlogos.org/tire-logos/maxxis-logo.png,Maxxis logo,Taiwan,1967-Present
https://www.carlogos.org/tire-logos/mrf-logo.png,MRF logo,India,1946-Present
https://www.carlogos.org/tire-logos/vogue-logo.png,Vogue logo,United States,1914-Present
https://www.carlogos.org/tire-logos/dick-cepek-logo.png,Dick Cepek logo,United States,1963-Present
https://www.carlogos.org/tire-logos/kumho-logo.png,Kumho logo,South Korea,1960-Present
https://www.carlogos.org/tire-logos/titan-logo.png,Titan logo,United States,1993-Present
https://www.carlogos.org/tire-logos/uniroyal-logo.png,Uniroyal logo,United States,1892-Present
https://www.carlogos.org/tire-logos/milestar-logo.png,Milestar logo,United States,1972-Present
https://www.carlogos.org/tire-logos/nexen-logo.png,Nexen logo,South Korea,1942-Present
https://www.carlogos.org/tire-logos/giti-logo.png,Giti logo,Singapore,1951-Present
https://www.carlogos.org/tire-logos/mastercraft-logo.png,Mastercraft logo,United States,1909-Present
https://www.carlogos.org/tire-logos/nokian-logo.png,Nokian logo,Finland,1932-Present
https://www.carlogos.org/tire-logos/zhongce-logo.png,Zhongce logo,China,1958-Present
https://www.carlogos.org/tire-logos/kelly-springfield-logo.png,Kelly-Springfield logo,United States,1894-Present
https://www.carlogos.org/tire-logos/braven-logo.png,Braven logo,United States,Present
https://www.carlogos.org/tire-logos/fuel-off-road-logo.png,Fuel Off-Road logo,United States,2008-Present
https://www.carlogos.org/tire-logos/gbc-motorsports-logo.png,GBC logo,United States,1976-Present
https://www.carlogos.org/tire-logos/greenball-logo.png,Greenball logo,United States,Present
https://www.carlogos.org/tire-logos/kanati-logo.png,Kanati logo,United States,2010-Present
https://www.carlogos.org/tire-logos/laufenn-logo.png,Laufenn logo,South Korea,Present
https://www.carlogos.org/tire-logos/nankang-logo.png,Nankang logo,United States,Present
https://www.carlogos.org/tire-logos/starfire-logo.png,Starfire logo,United States,Present
https://www.carlogos.org/tire-logos/bkt-logo.png,BKT logo,India,1987-Present
https://www.carlogos.org/tire-logos/double-coin-logo.png,Double Coin logo,China,1990-Present
https://www.carlogos.org/tire-logos/trelleborg-logo.png,Trelleborg logo,Sweden,1905-Present
https://www.carlogos.org/tire-logos/prinx-chengshan-logo.png,Prinx Chengshan logo,China,1976-Present
https://www.carlogos.org/tire-logos/apollo-logo.png,Apollo logo,India,1972-Present
https://www.carlogos.org/tire-logos/arisun-logo.png,Arisun logo,China,2011-Present
https://www.carlogos.org/tire-logos/atturo-logo.png,Atturo logo,United States,2010-Present
https://www.carlogos.org/tire-logos/barum-logo.png,Barum logo,Czech Republic,1967-Present
https://www.carlogos.org/tire-logos/ceat-logo.png,CEAT logo,India,1958-Present
https://www.carlogos.org/tire-logos/duraturn-logo.png,Duraturn logo,United States,2014-Present
https://www.carlogos.org/tire-logos/federal-logo.png,Federal logo,Taiwan,1987-Present
https://www.carlogos.org/tire-logos/fierce-logo.png,Fierce logo,United States,Present
https://www.carlogos.org/tire-logos/fuzion-logo.png,Fuzion logo,United States,Present
https://www.carlogos.org/tire-logos/gt-radial-logo.png,GT Radial logo,Singapore,Present
https://www.carlogos.org/tire-logos/jk-logo.png,JK logo,India,1974-Present
https://www.carlogos.org/tire-logos/kenda-logo.png,Kenda logo,Taiwan,1962-Present
https://www.carlogos.org/tire-logos/linglong-logo.png,Linglong logo,China,1975-Present
https://www.carlogos.org/tire-logos/ohtsu-logo.png,Ohtsu logo,Japan,Present
https://www.carlogos.org/tire-logos/pit-bull-logo.png,Pit Bull logo,United States,1994-Present
https://www.carlogos.org/tire-logos/sailun-logo.png,Sailun logo,China,2002-Present
https://www.carlogos.org/tire-logos/sentury-logo.png,Sentury logo,China,2008-Present
https://www.carlogos.org/tire-logos/sti-logo.png,STI logo,United States,Present
https://www.carlogos.org/tire-logos/triangle-logo.png,Triangle logo,China,1976-Present
https://www.carlogos.org/tire-logos/westlake-logo.png,Westlake logo,United States,Present
https://www.carlogos.org/tire-logos/advance-logo.png,Advance logo,United States,2004-Present
https://www.carlogos.org/tire-logos/aeolus-logo.png,Aeolus logo,China,1965-Present
