title,company name,link
Entry level Python Developer,Cognizant Technology Solutions,https://www.indeed.com/cmp/Cognizant-Technology-Solutions
newPython Developer,Open Systems Technologies Corporation,https://www.indeed.com/cmp/Open-Systems-Technologies-Corporation
Python Developer-Reactjs,"SmarTek21, LLC",N/A
Hadoop/Python Developer,Keyseries,N/A
newSenior Python/Frontend Developer,Cognizant Technology Solutions,https://www.indeed.com/cmp/Cognizant-Technology-Solutions
Junior Python Developer,GTS,N/A
newPython Developer,Alertus,N/A
Python Developer,Paktolus,N/A
"Senior Python Developer, Cloud",NVIDIA,https://www.indeed.com/cmp/Nvidia
newSenior Python Developer,Unizin,N/A
Python Software Engineering Teaching Assistant (Part-Time),Hackbright Academy,https://www.indeed.com/cmp/Hackbright-Academy
Python Developer (100% Remote),Denken Solutions Inc,https://www.indeed.com/cmp/Denken-Solutions-Inc
newPython Developer,LT Technology Services,https://www.indeed.com/cmp/L&T-Technology-Services-Ltd.
newPYTHON DEVELOPER IOT,Cognizant Technology Solutions,https://www.indeed.com/cmp/Cognizant-Technology-Solutions
Python Developer,Highbrow-Tech,N/A
