no,Kode Saham,Nama Perusahaan
1,AALI,Astra Agro Lestari Tbk.
2,ABBA,Mahaka Media Tbk.
3,ABDA,Asuransi Bina Dana Arta Tbk.
4,ABMM,ABM Investama Tbk.
5,ACES,Ace Hardware Indonesia Tbk.
6,ACST,Acset Indonusa Tbk.
7,ADES,Akasha Wira International Tbk.
8,ADHI,Adhi Karya (Persero) Tbk.
9,ADMF,Adira Dinamika Multi Finance Tbk.
10,ADMG,Polychem Indonesia Tbk
11,ADRO,Adaro Energy Tbk.
12,AGAR,Asia Sejahtera Mina Tbk.
13,AGII,Aneka Gas Industri Tbk.
14,AGRO,Bank Rakyat Indonesia Agroniaga Tbk.
15,AGRS,Bank IBK Indonesia Tbk.
16,AHAP,Asuransi Harta Aman Pratama Tbk.
17,AIMS,Akbar Indo Makmur Stimec Tbk
18,AISA,Tiga Pilar Sejahtera Food Tbk.
19,AKKU,Anugerah Kagum Karya Utama Tbk.
20,AKPI,Argha Karya Prima Industry Tbk.
21,AKRA,AKR Corporindo Tbk.
22,AKSI,Majapahit Inti Corpora Tbk.
23,ALDO,Alkindo Naratama Tbk.
24,ALKA,Alakasa Industrindo Tbk
25,ALMI,Alumindo Light Metal Industry Tbk.
26,ALTO,Tri Banyan Tirta Tbk.
27,AMAG,Asuransi Multi Artha Guna Tbk.
28,AMAR,Bank Amar Indonesia Tbk.
29,AMFG,Asahimas Flat Glass Tbk.
30,AMIN,Ateliers Mecaniques D Indonesie Tbk.
31,AMOR,Ashmore Asset Management Indonesia Tbk.
32,AMRT,Sumber Alfaria Trijaya Tbk.
33,ANDI,Andira Agro Tbk.
34,ANJT,Austindo Nusantara Jaya Tbk.
35,ANTM,Aneka Tambang Tbk.
36,APEX,Apexindo Pratama Duta Tbk.
37,APIC,Pacific Strategic Financial Tbk.
38,APII,Arita Prima Indonesia Tbk.
39,APLI,Asiaplast Industries Tbk.
40,APLN,Agung Podomoro Land Tbk.
41,APOL,Arpeni Pratama Ocean Line Tbk.
42,ARGO,Argo Pantes Tbk
43,ARII,Atlas Resources Tbk.
44,ARKA,Arkha Jayanti Persada Tbk.
45,ARMY,Armidian Karyatama Tbk.
46,ARNA,Arwana Citramulia Tbk.
47,ARTA,Arthavest Tbk
48,ARTI,Ratu Prabu Energi Tbk
49,ARTO,Bank Artos Indonesia Tbk.
50,ASBI,Asuransi Bintang Tbk.
51,ASDM,Asuransi Dayin Mitra Tbk.
52,ASGR,Astra Graphia Tbk.
53,ASII,Astra International Tbk.
54,ASJT,Asuransi Jasa Tania Tbk.
55,ASMI,Asuransi Kresna Mitra Tbk.
56,ASRI,Alam Sutera Realty Tbk.
57,ASRM,Asuransi Ramayana Tbk.
58,ASSA,Adi Sarana Armada Tbk.
59,ATIC,Anabatic Technologies Tbk.
60,AUTO,Astra Otoparts Tbk.
61,BABP,Bank MNC Internasional Tbk.
62,BACA,Bank Capital Indonesia Tbk.
63,BAJA,Saranacentral Bajatama Tbk.
64,BALI,Bali Towerindo Sentra Tbk.
65,BAPA,Bekasi Asri Pemula Tbk.
66,BAPI,Bhakti Agung Propertindo Tbk.
67,BATA,Sepatu Bata Tbk.
68,BAYU,Bayu Buana Tbk
69,BBCA,Bank Central Asia Tbk.
70,BBHI,Bank Harda Internasional Tbk.
71,BBKP,Bank Bukopin Tbk.
72,BBLD,Buana Finance Tbk.
73,BBMD,Bank Mestika Dharma Tbk.
74,BBNI,Bank Negara Indonesia (Persero) Tbk.
75,BBRI,Bank Rakyat Indonesia (Persero) Tbk.
76,BBRM,Pelayaran Nasional Bina Buana Raya Tbk.
77,BBTN,Bank Tabungan Negara (Persero) Tbk.
78,BBYB,Bank Yudha Bhakti Tbk.
79,BCAP,MNC Kapital Indonesia Tbk.
80,BCIC,Bank JTrust Indonesia Tbk.
81,BCIP,Bumi Citra Permai Tbk.
82,BDMN,Bank Danamon Indonesia Tbk.
83,BEEF,Estika Tata Tiara Tbk.
84,BEKS,Bank Pembangunan Daerah Banten Tbk.
85,BELL,Trisula Textile Industries Tbk.
86,BEST,Bekasi Fajar Industrial Estate Tbk.
87,BFIN,BFI Finance  Indonesia Tbk.
88,BGTG,Bank Ganesha Tbk.
89,BHIT,MNC Investama Tbk.
90,BIKA,Binakarya Jaya Abadi Tbk.
91,BIMA,Primarindo Asia Infrastructure Tbk.
92,BINA,Bank Ina Perdana Tbk.
93,BIPI,Astrindo Nusantara Infrastruktur Tbk.
94,BIPP,Bhuwanatala Indah Permai Tbk.
95,BIRD,Blue Bird Tbk.
96,BISI,BISI International Tbk.
97,BJBR,Bank Pembangunan Daerah Jawa Barat dan Banten Tbk.
98,BJTM,Bank Pembangunan Daerah Jawa Timur Tbk.
99,BKDP,Bukit Darmo Property Tbk
100,BKSL,Sentul City Tbk.
101,BKSW,Bank QNB Indonesia Tbk.
102,BLTA,Berlian Laju Tanker Tbk
103,BLTZ,Graha Layar Prima Tbk.
104,BLUE,Berkah Prima Perkasa Tbk.
105,BMAS,Bank Maspion Indonesia Tbk.
106,BMRI,Bank Mandiri (Persero) Tbk.
107,BMSR,Bintang Mitra Semestaraya Tbk
108,BMTR,Global Mediacom Tbk.
109,BNBA,Bank Bumi Arta Tbk.
110,BNBR,Bakrie & Brothers Tbk
111,BNGA,Bank CIMB Niaga Tbk.
112,BNII,Bank Maybank Indonesia Tbk.
113,BNLI,Bank Permata Tbk.
114,BOGA,Bintang Oto Global Tbk.
115,BOLA,Bali Bintang Sejahtera Tbk.
116,BOLT,Garuda Metalindo Tbk.
117,BORN,Borneo Lumbung Energi & Metal Tbk.
118,BOSS,Borneo Olah Sarana Sukses Tbk.
119,BPFI,Batavia Prosperindo Finance Tbk.
120,BPII,Batavia Prosperindo Internasional Tbk.
121,BPTR,Batavia Prosperindo Trans Tbk.
122,BRAM,Indo Kordsa Tbk.
123,BRIS,Bank BRIsyariah Tbk.
124,BRMS,Bumi Resources Minerals Tbk.
125,BRNA,Berlina Tbk.
126,BRPT,Barito Pacific Tbk.
127,BSDE,Bumi Serpong Damai Tbk.
128,BSIM,Bank Sinarmas Tbk.
129,BSSR,Baramulti Suksessarana Tbk.
130,BSWD,Bank Of India Indonesia Tbk.
131,BTEK,Bumi Teknokultura Unggul Tbk
132,BTEL,Bakrie Telecom Tbk.
133,BTON,Betonjaya Manunggal Tbk.
134,BTPN,Bank BTPN Tbk.
135,BTPS,Bank Tabungan Pensiunan Nasional Syariah Tbk.
136,BUDI,Budi Starch & Sweetener Tbk.
137,BUKK,Bukaka Teknik Utama Tbk.
138,BULL,Buana Lintas Lautan Tbk.
139,BUMI,Bumi Resources Tbk.
140,BUVA,Bukit Uluwatu Villa Tbk.
141,BVIC,Bank Victoria International Tbk.
142,BWPT,Eagle High Plantations Tbk.
143,BYAN,Bayan Resources Tbk.
144,CAKK,Cahayaputra Asa Keramik Tbk.
145,CAMP,Campina Ice Cream Industry Tbk.
146,CANI,Capitol Nusantara Indonesia Tbk.
147,CARS,Industri dan Perdagangan Bintraco Dharma Tbk.
148,CASA,Capital Financial Indonesia Tbk.
149,CASS,Cardig Aero Services Tbk.
150,CCSI,Communication Cable Systems Indonesia Tbk.
151,CEKA,Wilmar Cahaya Indonesia Tbk.
152,CENT,Centratama Telekomunikasi Indonesia Tbk.
153,CFIN,Clipan Finance Indonesia Tbk.
154,CINT,Chitose Internasional Tbk.
155,CITA,Cita Mineral Investindo Tbk.
156,CITY,Natura City Developments Tbk.
157,CKRA,Cakra Mineral Tbk.
158,CLAY,Citra Putra Realty Tbk.
159,CLEO,Sariguna Primatirta Tbk.
160,CLPI,Colorpak Indonesia Tbk.
161,CMNP,Citra Marga Nusaphala Persada Tbk.
162,CMPP,AirAsia Indonesia Tbk.
163,CNKO,Exploitasi Energi Indonesia Tbk.
164,CNTB,Saham Seri B ( Centex Tbk )
165,CNTX,Century Textile Industry Tbk.
166,COCO,Wahana Interfood Nusantara Tbk.
167,COWL,Cowell Development Tbk.
168,CPIN,Charoen Pokphand Indonesia Tbk
169,CPRI,Capri Nusa Satu Properti Tbk.
170,CPRO,Central Proteina Prima Tbk.
171,CSAP,Catur Sentosa Adiprana Tbk.
172,CSIS,Cahayasakti Investindo Sukses Tbk.
173,CSRA,Cisadane Sawit Raya Tbk.
174,CTBN,Citra Tubindo Tbk.
175,CTRA,Ciputra Development Tbk.
176,CTTH,Citatah Tbk.
177,DART,Duta Anggada Realty Tbk.
178,DAYA,Duta Intidaya Tbk.
179,DEAL,Dewata Freightinternational Tbk.
180,DEFI,Danasupra Erapacific Tbk.
181,DEWA,Darma Henwa Tbk
182,DFAM,Dafam Property Indonesia Tbk.
183,DGIK,Nusa Konstruksi Enjiniring Tbk.
184,DIGI,Arkadia Digital Media Tbk.
185,DILD,Intiland Development Tbk.
186,DIVA,Distribusi Voucher Nusantara Tbk.
187,DKFT,Central Omega Resources Tbk.
188,DLTA,Delta Djakarta Tbk.
189,DMAS,Puradelta Lestari Tbk.
190,DMMX,Digital Mediatama Maxima Tbk.
191,DNAR,Bank Oke Indonesia Tbk.
192,DNET,Indoritel Makmur Internasional Tbk.
193,DOID,Delta Dunia Makmur Tbk.
194,DPNS,Duta Pertiwi Nusantara Tbk.
195,DPUM,Dua Putra Utama Makmur Tbk.
196,DSFI,Dharma Samudera Fishing Industries Tbk.
197,DSNG,Dharma Satya Nusantara Tbk.
198,DSSA,Dian Swastatika Sentosa Tbk
199,DUCK,Jaya Bersama Indo Tbk.
200,DUTI,Duta Pertiwi Tbk
201,DVLA,Darya-Varia Laboratoria Tbk.
202,DWGL,Dwi Guna Laksana Tbk.
203,DYAN,Dyandra Media International Tbk.
204,EAST,Eastparc Hotel Tbk.
205,ECII,Electronic City Indonesia Tbk.
206,EKAD,Ekadharma International Tbk.
207,ELSA,Elnusa Tbk.
208,ELTY,Bakrieland Development Tbk.
209,EMDE,Megapolitan Developments Tbk.
210,EMTK,Elang Mahkota Teknologi Tbk.
211,ENRG,Energi Mega Persada Tbk.
212,ENVY,Envy Technologies Indonesia Tbk.
213,EPMT,Enseval Putera Megatrading Tbk.
214,ERAA,Erajaya Swasembada Tbk.
215,ERTX,Eratex Djaja Tbk.
216,ESIP,Sinergi Inti Plastindo Tbk.
217,ESSA,Surya Esa Perkasa Tbk.
218,ESTI,Ever Shine Tex Tbk.
219,ETWA,Eterindo Wahanatama Tbk
220,EXCL,XL Axiata Tbk.
221,FAST,Fast Food Indonesia Tbk.
222,FASW,Fajar Surya Wisesa Tbk.
223,FILM,MD Pictures Tbk.
224,FINN,First Indo American Leasing Tbk.
225,FIRE,Alfa Energi Investama Tbk.
226,FISH,FKS Multi Agro Tbk.
227,FITT,Hotel Fitra International Tbk.
228,FMII,Fortune Mate Indonesia Tbk
229,FOOD,Sentra Food Indonesia Tbk.
230,FORU,Fortune Indonesia Tbk
231,FORZ,Forza Land Indonesia Tbk.
232,FPNI,Lotte Chemical Titan Tbk.
233,FREN,Smartfren Telecom Tbk.
234,FUJI,Fuji Finance Indonesia Tbk.
235,GAMA,Gading Development Tbk.
236,GDST,Gunawan Dianjaya Steel Tbk.
237,GDYR,Goodyear Indonesia Tbk.
238,GEMA,Gema Grahasarana Tbk.
239,GEMS,Golden Energy Mines Tbk.
240,GGRM,Gudang Garam Tbk.
241,GGRP,Gunung Raja Paksi Tbk.
242,GHON,Gihon Telekomunikasi Indonesia Tbk.
243,GIAA,Garuda Indonesia (Persero) Tbk.
244,GJTL,Gajah Tunggal Tbk.
245,GLOB,Global Teleshop Tbk.
246,GLVA,Galva Technologies Tbk.
247,GMFI,Garuda Maintenance Facility Aero Asia Tbk.
248,GMTD,Gowa Makassar Tourism Development Tbk.
249,GOLD,Visi Telekomunikasi Infrastruktur Tbk.
250,GOLL,Golden Plantation Tbk.
251,GOOD,Garudafood Putra Putri Jaya Tbk.
252,GPRA,Perdana Gapuraprima Tbk.
253,GREN,Evergreen Invesco Tbk.
254,GSMF,Equity Development Investment Tbk.
255,GTBO,Garda Tujuh Buana Tbk
256,GWSA,Greenwood Sejahtera Tbk.
257,GZCO,Gozco Plantations Tbk.
258,HADE,Himalaya Energi Perkasa Tbk.
259,HDFA,Radana Bhaskara Finance Tbk.
260,HDIT,Hensel Davest Indonesia Tbk.
261,HDTX,Panasia Indo Resources Tbk.
262,HEAL,Medikaloka Hermina Tbk.
263,HELI,Jaya Trishindo Tbk.
264,HERO,Hero Supermarket Tbk.
265,HEXA,Hexindo Adiperkasa Tbk.
266,HITS,Humpuss Intermoda Transportasi Tbk.
267,HKMU,HK Metals Utama Tbk.
268,HMSP,H.M. Sampoerna Tbk.
269,HOKI,Buyung Poetra Sembada Tbk.
270,HOME,Hotel Mandarine Regency Tbk.
271,HOTL,Saraswati Griya Lestari Tbk.
272,HRME,Menteng Heritage Realty Tbk.
273,HRTA,Hartadinata Abadi Tbk.
274,HRUM,Harum Energy Tbk.
275,IATA,Indonesia Transport & Infrastructure Tbk.
276,IBFN,Intan Baruprana Finance Tbk.
277,IBST,Inti Bangun Sejahtera Tbk.
278,ICBP,Indofood CBP Sukses Makmur Tbk.
279,ICON,Island Concepts Indonesia Tbk.
280,IDPR,Indonesia Pondasi Raya Tbk.
281,IFII,Indonesia Fibreboard Industry Tbk.
282,IFSH,Ifishdeco Tbk.
283,IGAR,Champion Pacific Indonesia Tbk.
284,IIKP,Inti Agri Resources Tbk
285,IKAI,Intikeramik Alamasri Industri Tbk.
286,IKBI,Sumi Indo Kabel Tbk.
287,IMAS,Indomobil Sukses Internasional Tbk.
288,IMJS,Indomobil Multi Jasa Tbk.
289,IMPC,Impack Pratama Industri Tbk.
290,INAF,Indofarma (Persero) Tbk.
291,INAI,Indal Aluminium Industry Tbk.
292,INCF,Indo Komoditi Korpora Tbk.
293,INCI,Intanwijaya Internasional Tbk
294,INCO,Vale Indonesia Tbk.
295,INDF,Indofood Sukses Makmur Tbk.
296,INDO,Royalindo Investa Wijaya Tbk.
297,INDR,Indo-Rama Synthetics Tbk.
298,INDS,Indospring Tbk.
299,INDX,Tanah Laut Tbk
300,INDY,Indika Energy Tbk.
301,INKP,Indah Kiat Pulp & Paper Tbk.
302,INOV,Inocycle Technology Group Tbk.
303,INPC,Bank Artha Graha Internasional Tbk.
304,INPP,Indonesian Paradise Property Tbk.
305,INPS,Indah Prakasa Sentosa Tbk.
306,INRU,Toba Pulp Lestari Tbk.
307,INTA,Intraco Penta Tbk.
308,INTD,Inter Delta Tbk
309,INTP,Indocement Tunggal Prakarsa Tbk.
310,IPCC,Indonesia Kendaraan Terminal Tbk.
311,IPCM,Jasa Armada Indonesia Tbk.
312,IPOL,Indopoly Swakarsa Industry Tbk.
313,IPTV,MNC Vision Networks Tbk.
314,IRRA,Itama Ranoraya Tbk.
315,ISAT,Indosat Tbk.
316,ISSP,Steel Pipe Industry of Indonesia Tbk.
317,ITIC,Indonesian Tobacco Tbk.
318,ITMA,Sumber Energi Andalan Tbk.
319,ITMG,Indo Tambangraya Megah Tbk.
320,ITTG,Leo Investments Tbk.
321,JAST,Jasnita Telekomindo Tbk.
322,JAWA,Jaya Agra Wattie Tbk.
323,JAYA,Armada Berjaya Trans Tbk.
324,JECC,Jembo Cable Company Tbk.
325,JGLE,Graha Andrasentra Propertindo Tbk.
326,JIHD,Jakarta International Hotels & Development Tbk.
327,JKON,Jaya Konstruksi Manggala Pratama Tbk.
328,JKSW,Jakarta Kyoei Steel Works Tbk.
329,JMAS,Asuransi Jiwa Syariah Jasa Mitra Abadi Tbk.
330,JPFA,Japfa Comfeed Indonesia Tbk.
331,JRPT,Jaya Real Property Tbk.
332,JSKY,Sky Energy Indonesia Tbk.
333,JSMR,Jasa Marga (Persero) Tbk.
334,JSPT,Jakarta Setiabudi Internasional Tbk.
335,JTPE,Jasuindo Tiga Perkasa Tbk.
336,KAEF,Kimia Farma (Persero) Tbk.
337,KARW,ICTSI Jasa Prima Tbk.
338,KAYU,Darmi Bersaudara Tbk.
339,KBLI,KMI Wire & Cable Tbk.
340,KBLM,Kabelindo Murni Tbk.
341,KBLV,First Media Tbk.
342,KBRI,Kertas Basuki Rachmat Indonesia Tbk.
343,KDSI,Kedawung Setia Industrial Tbk.
344,KEEN,Kencana Energi Lestari Tbk.
345,KEJU,Mulia Boga Raya Tbk.
346,KIAS,Keramika Indonesia Assosiasi Tbk.
347,KICI,Kedaung Indah Can Tbk
348,KIJA,Kawasan Industri Jababeka Tbk.
349,KINO,Kino Indonesia Tbk.
350,KIOS,Kioson Komersial Indonesia Tbk.
351,KJEN,Krida Jaringan Nusantara Tbk.
352,KKGI,Resource Alam Indonesia Tbk.
353,KLBF,Kalbe Farma Tbk.
354,KMTR,Kirana Megatara Tbk.
355,KOBX,Kobexindo Tractors Tbk.
356,KOIN,Kokoh Inti Arebama Tbk
357,KONI,Perdana Bangun Pusaka Tbk
358,KOPI,Mitra Energi Persada Tbk.
359,KOTA,DMS Propertindo Tbk.
360,KPAL,Steadfast Marine Tbk.
361,KPAS,Cottonindo Ariesta Tbk.
362,KPIG,MNC Land Tbk.
363,KRAH,Grand Kartech Tbk.
364,KRAS,Krakatau Steel (Persero) Tbk.
365,KREN,Kresna Graha Investama Tbk.
366,LAND,Trimitra Propertindo Tbk.
367,LAPD,Leyand International Tbk.
368,LCGP,Eureka Prima Jakarta Tbk.
369,LCKM,LCK Global Kedaton Tbk.
370,LEAD,Logindo Samudramakmur Tbk.
371,LIFE,Asuransi Jiwa Sinarmas MSIG Tbk.
372,LINK,Link Net Tbk.
373,LION,Lion Metal Works Tbk.
374,LMAS,Limas Indonesia Makmur Tbk
375,LMPI,Langgeng Makmur Industri Tbk.
376,LMSH,Lionmesh Prima Tbk.
377,LPCK,Lippo Cikarang Tbk
378,LPGI,Lippo General Insurance Tbk.
379,LPIN,Multi Prima Sejahtera Tbk
380,LPKR,Lippo Karawaci Tbk.
381,LPLI,Star Pacific Tbk
382,LPPF,Matahari Department Store Tbk.
383,LPPS,Lippo Securities Tbk.
384,LRNA,Eka Sari Lorena Transport Tbk.
385,LSIP,PP London Sumatra Indonesia Tbk.
386,LTLS,Lautan Luas Tbk.
387,LUCK,Sentral Mitra Informatika Tbk.
388,MABA,Marga Abhinaya Abadi Tbk.
389,MAGP,Multi Agro Gemilang Plantation Tbk.
390,MAIN,Malindo Feedmill Tbk.
391,MAMI,Mas Murni Indonesia Tbk
392,MAMIP,Mas Murni Tbk (Saham Preferen)
393,MAPA,Map Aktif Adiperkasa Tbk.
394,MAPB,MAP Boga Adiperkasa Tbk.
395,MAPI,Mitra Adiperkasa Tbk.
396,MARI,Mahaka Radio Integra Tbk.
397,MARK,Mark Dynamics Indonesia Tbk.
398,MASA,Multistrada Arah Sarana Tbk.
399,MAYA,Bank Mayapada Internasional Tbk.
400,MBAP,Mitrabara Adiperdana Tbk.
401,MBSS,Mitrabahtera Segara Sejati Tbk.
402,MBTO,Martina Berto Tbk.
403,MCAS,M Cash Integrasi Tbk.
404,MCOR,Bank China Construction Bank Indonesia Tbk.
405,MDIA,Intermedia Capital Tbk.
406,MDKA,Merdeka Copper Gold Tbk.
407,MDKI,Emdeki Utama Tbk.
408,MDLN,Modernland Realty Tbk.
409,MDRN,Modern Internasional Tbk.
410,MEDC,Medco Energi Internasional Tbk.
411,MEGA,Bank Mega Tbk.
412,MERK,Merck Tbk.
413,META,Nusantara Infrastructure Tbk.
414,MFIN,Mandala Multifinance Tbk.
415,MFMI,Multifiling Mitra Indonesia Tbk.
416,MGNA,Magna Investama Mandiri Tbk.
417,MGRO,Mahkota Group Tbk.
418,MICE,Multi Indocitra Tbk.
419,MIDI,Midi Utama Indonesia Tbk.
420,MIKA,Mitra Keluarga Karyasehat Tbk.
421,MINA,Sanurhasta Mitra Tbk.
422,MIRA,Mitra International Resources Tbk.
423,MITI,Mitra Investindo Tbk.
424,MKNT,Mitra Komunikasi Nusantara Tbk.
425,MKPI,Metropolitan Kentjana Tbk.
426,MLBI,Multi Bintang Indonesia Tbk.
427,MLIA,Mulia Industrindo Tbk
428,MLPL,Multipolar Tbk.
429,MLPT,Multipolar Technology Tbk.
430,MMLP,Mega Manunggal Property Tbk.
431,MNCN,Media Nusantara Citra Tbk.
432,MOLI,Madusari Murni Indah Tbk.
433,MPMX,Mitra Pinasthika Mustika Tbk.
434,MPOW,Megapower Makmur Tbk.
435,MPPA,Matahari Putra Prima Tbk.
436,MPRO,Maha Properti Indonesia Tbk.
437,MRAT,Mustika Ratu Tbk.
438,MREI,Maskapai Reasuransi Indonesia Tbk.
439,MSIN,MNC Studios International Tbk.
440,MSKY,MNC Sky Vision Tbk.
441,MTDL,Metrodata Electronics Tbk.
442,MTFN,Capitalinc Investment Tbk.
443,MTLA,Metropolitan Land Tbk.
444,MTPS,Meta Epsi Tbk.
445,MTRA,Mitra Pemuda Tbk.
446,MTSM,Metro Realty Tbk.
447,MTWI,Malacca Trust Wuwungan Insurance Tbk.
448,MYOH,Samindo Resources Tbk.
449,MYOR,Mayora Indah Tbk.
450,MYRX,Hanson International Tbk.
451,MYRXP,Saham Seri B Hanson International Tbk.
452,MYTX,Asia Pacific Investama Tbk.
453,NASA,Ayana Land International Tbk.
454,NATO,Nusantara Properti Internasional Tbk.
455,NELY,Pelayaran Nelly Dwi Putri Tbk.
456,NFCX,NFC Indonesia Tbk.
457,NICK,Charnic Capital Tbk.
458,NIKL,Pelat Timah Nusantara Tbk.
459,NIPS,Nipress Tbk.
460,NIRO,City Retail Developments Tbk.
461,NISP,Bank OCBC NISP Tbk.
462,NOBU,Bank Nationalnobu Tbk.
463,NRCA,Nusa Raya Cipta Tbk.
464,NUSA,Sinergi Megah Internusa Tbk.
465,NZIA,Nusantara Almazia Tbk.
466,OASA,Protech Mitra Perkasa Tbk.
467,OCAP,Onix Capital Tbk.
468,OKAS,Ancora Indonesia Resources Tbk.
469,OMRE,Indonesia Prima Property Tbk
470,OPMS,Optima Prima Metal Sinergi Tbk.
471,PADI,Minna Padi Investama Sekuritas Tbk.
472,PALM,Provident Agro Tbk.
473,PAMG,Bima Sakti Pertiwi Tbk.
474,PANI,Pratama Abadi Nusa Industri Tbk.
475,PANR,Panorama Sentrawisata Tbk.
476,PANS,Panin Sekuritas Tbk.
477,PBID,Panca Budi Idaman Tbk.
478,PBRX,Pan Brothers Tbk.
479,PBSA,Paramita Bangun Sarana Tbk.
480,PCAR,Prima Cakrawala Abadi Tbk.
481,PDES,Destinasi Tirta Nusantara Tbk
482,PEGE,Panca Global Kapital Tbk.
483,PEHA,Phapros Tbk.
484,PGAS,Perusahaan Gas Negara Tbk.
485,PGJO,Tourindo Guide Indonesia Tbk.
486,PGLI,Pembangunan Graha Lestari Indah Tbk.
487,PICO,Pelangi Indah Canindo Tbk
488,PJAA,Pembangunan Jaya Ancol Tbk.
489,PKPK,Perdana Karya Perkasa Tbk
490,PLAS,Polaris Investama Tbk
491,PLIN,Plaza Indonesia Realty Tbk.
492,PMJS,Putra Mandiri Jembar Tbk.
493,PNBN,Bank Pan Indonesia Tbk
494,PNBS,Bank Panin Dubai Syariah Tbk.
495,PNIN,Paninvest Tbk.
496,PNLF,Panin Financial Tbk.
497,PNSE,Pudjiadi & Sons Tbk.
498,POLA,Pool Advista Finance Tbk.
499,POLI,Pollux Investasi Internasional Tbk.
500,POLL,Pollux Properti Indonesia Tbk.
501,POLU,Golden Flower Tbk.
502,POLY,Asia Pacific Fibers Tbk
503,POOL,Pool Advista Indonesia Tbk.
504,PORT,Nusantara Pelabuhan Handal Tbk.
505,POSA,Bliss Properti Indonesia Tbk.
506,POWR,Cikarang Listrindo Tbk.
507,PPRE,PP Presisi Tbk.
508,PPRO,PP Properti Tbk.
509,PRAS,Prima Alloy Steel Universal Tbk.
510,PRDA,Prodia Widyahusada Tbk.
511,PRIM,Royal Prima Tbk.
512,PSAB,J Resources Asia Pasifik Tbk.
513,PSDN,Prasidha Aneka Niaga Tbk
514,PSGO,Palma Serasih Tbk.
515,PSKT,Red Planet Indonesia Tbk.
516,PSSI,Pelita Samudera Shipping Tbk.
517,PTBA,Bukit Asam Tbk.
518,PTIS,Indo Straits Tbk.
519,PTPP,PP (Persero) Tbk.
520,PTRO,Petrosea Tbk.
521,PTSN,Sat Nusapersada Tbk
522,PTSP,Pioneerindo Gourmet International Tbk.
523,PUDP,Pudjiadi Prestige Tbk.
524,PURE,Trinitan Metals and Minerals Tbk.
525,PWON,Pakuwon Jati Tbk.
526,PYFA,Pyridam Farma Tbk
527,PZZA,Sarimelati Kencana Tbk.
528,RAJA,Rukun Raharja Tbk.
529,RALS,Ramayana Lestari Sentosa Tbk.
530,RANC,Supra Boga Lestari Tbk.
531,RBMS,Ristia Bintang Mahkotasejati Tbk.
532,RDTX,Roda Vivatex Tbk
533,REAL,Repower Asia Indonesia Tbk.
534,RELI,Reliance Sekuritas Indonesia Tbk.
535,RICY,Ricky Putra Globalindo Tbk
536,RIGS,Rig Tenders Indonesia Tbk.
537,RIMO,Rimo International Lestari Tbk
538,RISE,Jaya Sukses Makmur Sentosa Tbk.
539,RMBA,Bentoel Internasional Investama Tbk.
540,RODA,Pikko Land Development Tbk.
541,ROTI,Nippon Indosari Corpindo Tbk.
542,RUIS,Radiant Utama Interinsco Tbk.
543,SAFE,Steady Safe Tbk
544,SAME,Sarana Meditama Metropolitan Tbk.
545,SAPX,Satria Antaran Prima Tbk.
546,SATU,Kota Satu Properti Tbk.
547,SCBD,Danayasa Arthatama Tbk.
548,SCCO,Supreme Cable Manufacturing & Commerce Tbk.
549,SCMA,Surya Citra Media Tbk.
550,SCPI,Merck Sharp Dohme Pharma Tbk.
551,SDMU,Sidomulyo Selaras Tbk.
552,SDPC,Millennium Pharmacon International Tbk.
553,SDRA,Bank Woori Saudara Indonesia 1906 Tbk.
554,SFAN,Surya Fajar Capital Tbk.
555,SGRO,Sampoerna Agro Tbk.
556,SHID,Hotel Sahid Jaya International Tbk.
557,SHIP,Sillo Maritime Perdana Tbk.
558,SIDO,Industri Jamu dan Farmasi Sido Muncul Tbk.
559,SILO,Siloam International Hospitals Tbk.
560,SIMA,Siwani Makmur Tbk
561,SIMP,Salim Ivomas Pratama Tbk.
562,SINI,Singaraja Putra Tbk.
563,SIPD,Sierad Produce Tbk.
564,SKBM,Sekar Bumi Tbk.
565,SKLT,Sekar Laut Tbk.
566,SKRN,Superkrane Mitra Utama Tbk.
567,SKYB,Northcliff Citranusa Indonesia Tbk.
568,SLIS,Gaya Abadi Sempurna Tbk.
569,SMAR,Smart Tbk.
570,SMBR,Semen Baturaja (Persero) Tbk.
571,SMCB,Solusi Bangun Indonesia Tbk.
572,SMDM,Suryamas Dutamakmur Tbk.
573,SMDR,Samudera Indonesia  Tbk.
574,SMGR,Semen Indonesia (Persero) Tbk.
575,SMKL,Satyamitra Kemas Lestari Tbk.
576,SMMA,Sinarmas Multiartha Tbk.
577,SMMT,Golden Eagle Energy Tbk.
578,SMRA,Summarecon Agung Tbk.
579,SMRU,SMR Utama Tbk.
580,SMSM,Selamat Sempurna Tbk.
581,SOCI,Soechi Lines Tbk.
582,SONA,Sona Topas Tourism Industry Tbk.
583,SOSS,Shield On Service Tbk.
584,SOTS,Satria Mega Kencana Tbk.
585,SPMA,Suparma Tbk.
586,SPTO,Surya Pertiwi Tbk.
587,SQMI,Wilton Makmur Indonesia Tbk.
588,SRAJ,Sejahteraraya Anugrahjaya Tbk.
589,SRIL,Sri Rejeki Isman Tbk.
590,SRSN,Indo Acidatama Tbk
591,SRTG,Saratoga Investama Sedaya Tbk.
592,SSIA,Surya Semesta Internusa Tbk.
593,SSMS,Sawit Sumbermas Sarana Tbk.
594,SSTM,Sunson Textile Manufacture Tbk
595,STAR,Buana Artha Anugerah Tbk.
596,STTP,Siantar Top Tbk.
597,SUGI,Sugih Energy Tbk.
598,SULI,SLJ Global Tbk.
599,SUPR,Solusi Tunas Pratama Tbk.
600,SURE,Super Energy Tbk.
601,SWAT,Sriwahana Adityakarta Tbk.
602,TALF,Tunas Alfin Tbk.
603,TAMU,Pelayaran Tamarin Samudra Tbk.
604,TARA,Sitara Propertindo Tbk.
605,TAXI,Express Transindo Utama Tbk.
606,TBIG,Tower Bersama Infrastructure Tbk.
607,TBLA,Tunas Baru Lampung Tbk.
608,TBMS,Tembaga Mulia Semanan Tbk.
609,TCID,Mandom Indonesia Tbk.
610,TCPI,Transcoal Pacific Tbk.
611,TDPM,Tridomain Performance Materials Tbk.
612,TEBE,Dana Brata Luhur Tbk.
613,TELE,Tiphone Mobile Indonesia Tbk.
614,TFAS,Telefast Indonesia Tbk.
615,TFCO,Tifico Fiber Indonesia Tbk.
616,TGKA,Tigaraksa Satria Tbk.
617,TGRA,Terregra Asia Energy Tbk.
618,TIFA,Tifa Finance Tbk.
619,TINS,Timah Tbk.
620,TIRA,Tira Austenite Tbk
621,TIRT,Tirta Mahakam Resources Tbk
622,TKIM,Pabrik Kertas Tjiwi Kimia Tbk.
623,TLKM,Telekomunikasi Indonesia (Persero) Tbk.
624,TMAS,Temas Tbk.
625,TMPO,Tempo Intimedia Tbk.
626,TNCA,Trimuda Nuansa Citra Tbk.
627,TOBA,Toba Bara Sejahtra Tbk.
628,TOPS,Totalindo Eka Persada Tbk.
629,TOTL,Total Bangun Persada Tbk.
630,TOTO,Surya Toto Indonesia Tbk.
631,TOWR,Sarana Menara Nusantara Tbk.
632,TPIA,Chandra Asri Petrochemical Tbk.
633,TPMA,Trans Power Marine Tbk.
634,TRAM,Trada Alam Minera Tbk.
635,TRIL,Triwira Insanlestari Tbk.
636,TRIM,Trimegah Sekuritas Indonesia Tbk.
637,TRIN,Perintis Triniti Properti Tbk.
638,TRIO,Trikomsel Oke Tbk.
639,TRIS,Trisula International Tbk.
640,TRST,Trias Sentosa Tbk.
641,TRUK,Guna Timur Raya Tbk.
642,TRUS,Trust Finance Indonesia Tbk
643,TSPC,Tempo Scan Pacific Tbk.
644,TUGU,Asuransi Tugu Pratama Indonesia Tbk.
645,TURI,Tunas Ridean Tbk.
646,UCID,Uni-Charm Indonesia Tbk.
647,ULTJ,"Ultra Jaya Milk Industry & Trading Company, Tbk."
648,UNIC,Unggul Indah Cahaya Tbk.
649,UNIT,Nusantara Inti Corpora Tbk
650,UNSP,Bakrie Sumatera Plantations Tbk.
651,UNTR,United Tractors Tbk.
652,UNVR,Unilever Indonesia Tbk.
653,URBN,Urban Jakarta Propertindo Tbk.
654,VICO,Victoria Investama Tbk.
655,VINS,Victoria Insurance Tbk.
656,VIVA,Visi Media Asia Tbk.
657,VOKS,Voksel Electric Tbk.
658,VRNA,Verena Multi Finance Tbk.
659,WAPO,Wahana Pronatural Tbk.
660,WEGE,Wijaya Karya Bangunan Gedung Tbk.
661,WEHA,WEHA Transportasi Indonesia Tbk.
662,WICO,Wicaksana Overseas International Tbk.
663,WIIM,Wismilak Inti Makmur Tbk.
664,WIKA,Wijaya Karya (Persero) Tbk.
665,WINS,Wintermar Offshore Marine Tbk.
666,WOMF,Wahana Ottomitra Multiartha Tbk.
667,WOOD,Integra Indocabinet Tbk.
668,WOWS,Ginting Jaya Energi Tbk.
669,WSBP,Waskita Beton Precast Tbk.
670,WSKT,Waskita Karya (Persero) Tbk.
671,WTON,Wijaya Karya Beton Tbk.
672,YELO,Yelooo Integra Datanet Tbk.
673,YPAS,Yanaprima Hastapersada Tbk
674,YULE,Yulie Sekuritas Indonesia Tbk.
675,ZBRA,Zebra Nusantara Tbk
676,ZINC,Kapuas Prima Coal Tbk.
677,ZONE,Mega Perintis Tbk.
