no,name
1,A Marca Bavaria
2,Aass Bock Beer
3,Aass Genuine Pilsner
4,Aass Juleøl Premium
5,Aass Lauritz Pilsner
6,Abita Abbey Ale
7,Abita Amber
8,Abita Fleur-de-Lis Restoration Ale
9,Abita Jockamo IPA
10,Abita Light
11,Abita Turbodog
12,Abita Wheat
13,Acme California IPA
14,Acme California Pale Ale
15,Aecht Schlenkerla Rauchbier Märzen
16,Afanasy Dark Beer
17,Affligem Blonde
18,Alamo Golden Ale
19,Alaskan Oatmeal Stout
20,Alaskan Summer Ale
21,AleSmith IPA
22,AleSmith Old Numbskull
23,Alexander Keith’s India Pale Ale
24,Alexander Keith’s Red Amber Ale
25,Alhambra Especial Premium Lager
26,Allagash Dubbel Reserve
27,Allagash Tripel Reserve
28,Allagash White
29,Altenmünster Premium
30,Amstel 1870
31,Amstel Light
32,Amsterdam Dutch Amber
33,Amsterdam Framboise
34,Amsterdam Natural Blonde
35,Anchor Bock Beer
36,Anchor Liberty Ale
37,Anchor Porter
38,Anchor Steam
39,Asahi Brewmaster’s Select
40,Augustijn Ale
41,Aventinus Weizen-Eisbock
42,Avery 14er’s ESB
43,Avery Ellie’s Brown Ale
44,Avery IPA
45,Avery Kaiser Imperial Oktoberfest
46,Avery Maharaja Imperial IPA
47,Avery Redpoint Ale
48,Avery Salvation
49,Avery Anniversary Ten
50,Ayinger Bräu-Weisse
51,Ballantine Ale
52,Baltika #3 Classic Lager
53,Baltika #5 Gold Beer
54,Bam Bière Farmhouse Ale
55,Bar Harbor Real Ale
56,Baron Premium Czech Dark Lager
57,Barons Black Wattle Superior
58,Barons Lager
59,Bass Ale
60,Bass Country Chase Ale
61,Bayhawk California Pale Ale
62,Bayhawk Chocolate Porter
63,Beamish Red Irish Ale
64,Beamish Irish Stout
65,Bear Republic Red Rocket Ale
66,Beck’s Dark
67,Beck’s Oktoberfest
68,Belhaven Scottish Ale
69,Belhaven Wee Heavy
70,Bell’s Amber Ale
71,Bell’s Two Hearted Ale
72,Belzebuth Pur Malt
73,Berghoff Hefe-Weizen
74,Berliner Kindl Weisse
75,Bert Grant’s Hefeweizen
76,Bert Grant’s Perfect Porter
77,Bert Grant’s Scottish Ale
78,Best Bitter
79,Big Buck German Alt
80,Big Easy Beer
81,Big River Vienna Lager
82,Big Rock Honey Brown
83,Bison Chocolate Stout
84,Bison Organic Belgian Ale
85,Bitburger
86,Bitch Creek ESB
87,Bitter Woman From Hell Extra IPA
88,Black Butte Porter
89,Black Douglas Ale
90,Black Sheep Ale
91,Black Widow Oatmeal Stout
92,Black Wych Ale
93,Blackhook Porter
94,Blanche de Chambly
95,Blanche de Charleroi White Ale
96,Blue Moon Belgian White
97,Blue Ridge Bock Oktoberfest
98,Blue Star Wheat Beer
99,Boddingtons Pub Ale
100,Bohemia Pale Beer
101,Boris (Le Flacon D’Alsace)
102,Bornem Double Abbey Ale
103,Bornem Triple Abbey Ale
104,Boulevard Unfiltered Wheat Beer
105,Brains Traditional Welsh Ale
106,Breckenridge 471 double IPA
107,Breckenridge 471 ESB
108,Breckenridge Christmas Ale
109,Breckenridge India Pale Ale
110,Breckenridge Oatmeal Stout
111,Breckenridge Pale Ale
112,Breckenridge Red Ale
113,Brewer’s Cave Golden Caramel Lager
114,Brewery Hill Caramel Porter
115,Brewery Hill Pale Ale
116,Brewski’s Honey Red
117,BridgePort Black Strap Stout
118,BridgePort ESB
119,BridgePort Haymaker Extra Pale Ale
120,BridgePort India Pale Ale
121,Brooklyner Weisse
122,Brooklyner-Schneider Hopfen-Weisse
123,Bruegel Amber Ale
124,Bucking Bock
125,Buckler
126,Bud Ice
127,Bud Ice Light
128,Bud Light
129,Budweiser American Ale
130,Budweiser Select
131,Burning Bird Pale Ale
132,Burning River Pale Ale
133,Busch
134,Busch Light
135,Buster Nut Brown Ale
136,Butty Bach
137,Cameron’s Auburn Ale
138,Capital 1900
139,Capital Autumnal Fire
140,Capital Baltic Porter
141,Capital Bavarian Lager
142,Capital Blonde Doppelbock
143,Capital Brown Ale
144,Capital Eisphyre
145,Capital Fest
146,Capital Island Wheat
147,Capital Kloster Weizen
148,Capital Maibock
149,Capital Munich Dark
150,Capital Oktoberfest
151,Capital Rustic Ale
152,Capital Special Pilsner
153,Capital U.S. Pale Ale
154,Capital Vintage Ale
155,Capital Winter Skål
156,Capital Wisconsin Amber
157,Carib Lager Beer
158,Carling Black Label
159,Carlsberg Elephant Lager
160,Carlsberg Light
161,Carolina Blonde
162,Carta Blanca
163,Cascade Premium Lager
164,Cassis Lambic
165,Castle Brewery Kasteel Donker
166,Catamount Pale Ale
167,Catamount Porter
168,Celebration Amber Ale
169,Celebrator Doppelbock
170,Celis Pale Ale
171,Celis Pale Bock
172,Celis Raspberry Wheat
173,Celis White
174,Central Waters Bourbon Barrel Cherry Stout
175,Central Waters Illumination Double IPA
176,Central Waters Satin Solstice Imperial Stout
177,Chamberlain Pale Ale
178,Chambly Noire
179,Chapeau Banana Lambic
180,Chapeau Fraises Lambic
181,Christian Moerlein Select Lager
182,Clausthaler
183,Coast Kölsch 32º / 50º
184,Coastal Fog Pale Ale
185,Colônia Malzbier
186,Coopers Best Extra Stout
187,Coopers Black Crow Ale
188,Coopers Original Pale Ale
189,Coopers Sparkling Ale
190,Coors Light
191,Corona Light
192,Corsendonk Abbey Brown Ale
193,Corsendonk Abbey Pale Ale
194,Corsendonk Christmas Ale
195,Cottonwood Almond Stout
196,Cottonwood Endo IPA
197,Crazy Ed’s Cave Creek Chili Beer
198,Cream City Pale Ale
199,Creemore Springs Premium Lager
200,Creemore Springs UrBock
201,Creemore Traditional Pilsner
202,Crest Super Premium Lager
203,DAB Traditional
204,Dave’s Honey Brown Lager
205,Desert Amber
206,Devil Mountain Five Malt Ale
207,Devil Mountain Tasmanian Pale Ale
208,Diamond Bear Irish Red
209,Diamond Bear Pale Ale
210,Diamond Bear Southern Blonde
211,Diamond Bear Ultra Blonde
212,Dinkel Acker
213,Dinkel Acker Dark
214,Doctor Diesel Lager Beer
215,Dogfish Head 60 Minute IPA
216,Dogfish Head 90 Minute Imperial IPA
217,Dogfish Head Aprihop
218,Dogfish Head Burton Baton
219,Dogfish Head Midas Touch
220,Dogfish Head Raison D’Etre
221,Dogfish Head World Wide Stout
222,Dogwood Decadent
223,Dogwood Pale Ale
224,Dogwood Pilsner
225,Don De Dieu
226,Dortmunder Gold
227,Dos Equis
228,Dos Equis Amber
229,Dos Perros Ale
230,Dragon Stout
231,Drake’s Expedition Ale
232,Drax Beer
233,Dreadnaught IPA
234,Duchesse de Bourgogne
235,Duchy Originals Organic English Ale
236,Duinen Dubbel Belgian Abbey Ale
237,Durham Al’s Cask Ale
238,Duvel Golden Ale
239,Eastside Dark
240,Edelweiss (Weissbier-Hefetrub)
241,Edison Light Beer
242,Eel River Porter
243,Efes Pilsen
244,Einbecker Mai-Ur-Bock
245,EKU Pils
246,Elephant Red
247,Eliot Ness
248,Engel Gold
249,Entire Butt English Porter
250,Erdinger Pikantus Dunkler Weizenbock
251,Erdinger Weißbier Dunkel
252,Estrella Damm
253,Estrella Damm Daura
254,Ettaler Curator Dunkler Doppelbock
255,Fatty Boombalatty
256,Fiddler’s Elbow
257,Fiedlers Pils im Stein
258,Fighting Billy Bock
259,Fire Rock Pale Ale
260,Firestone Double Barrel Ale
261,Firestone Pale Ale
262,Fischer Amber
263,Fischer Bitter
264,Flying Dog Doggie Style Classic Pale Ale
265,Flying Dog Dogtoberfest
266,Flying Dog Gonzo Imperial Porter
267,Flying Dog K-9 Cruiser Altitude Ale
268,Flying Dog Old Scratch Amber Lager
269,Flying Dog Road Dog Scottish Porter
270,Flying Dog Snake Dog IPA
271,Flying Dog Woody Creek White
272,Flying Fish Belgian Style Dubbel
273,Flying Fish Extra Pale Ale
274,Fordham Copperhead Ale
275,Fordham Dunkel Weiss
276,Fort Garry Dark Ale
277,Foster’s Lager
278,Foster’s Special Bitter
279,Framboise Lambic
280,Frankenheim Alt
281,Franziskaner Weissbier (Kristall Klar)
282,Franziskaner Hefe-Weisse
283,Fraoch Heather Ale
284,Fred
285,Full Sail Amber
286,Full Sail IPA
287,Full Sail Rip Curl
288,Fuller’s 1845
289,Fuller’s IPA
290,Fuller’s London Porter
291,Fuller’s London Pride
292,Furthermore Oscura
293,Gaffel Kölsch
294,Geary’s Pale Ale
295,Genesee Ale
296,Gilde Pilsner
297,Golden Horseshoe
298,Golden Pheasant
299,Goose Island 312 Urban Wheat Ale
300,Goose Island Demolition
301,Goose Island Hex Nut Brown Ale
302,Goose Island Honker’s Ale
303,Goose Island IPA
304,Goose Island Kilgubbin Red Ale
305,Goose Island Matilda
306,Goose Island Oatmeal Stout
307,Goose Island Pils
308,Gordon Biersch Maibock
309,Gose Original Leipziger Bier
310,Gösser
311,Gouden Carolus Noël
312,Grasshopper
313,Great Divide Denver Pale Ale
314,Great Divide Hercules Double IPA
315,Great Divide Saint Bridget’s Porter
316,Great Divide Titan IPA
317,Great Divide Yeti Oak Aged Imperial Stout
318,Great Western Lager
319,Great Western Premium Pilsner
320,Green’s Quest All Natural Tripel Blonde Ale
321,Gritstone Premium Ale
322,Grolsch
323,Grolsch Amber Ale
324,Grolsch Blonde Lager
325,Grozet Ale
326,Guinness Extra Stout
327,Guinness Pub Draught
328,Gulden Draak
329,Gulpener Dort
330,Gumballhead
331,Haagen Lager
332,Hacker-Pschorr Weisse
333,Hacker-Pschorr Dunkle Weisse
334,Hacker-Pschorr Oktoberfest
335,Harpoon India Pale Ale
336,Harpoon Maibock
337,Harpoon UFO Hefeweizen
338,Harpoon Winter Warmer
339,Harp Lager
340,Haystack Black Porter
341,Hazed & Infused
342,H.C. Berger Mountain Kölsch
343,H.C. Berger Raspberry Wheat Ale
344,H.C. Berger Red Banshee Ale
345,H.C. Berger Whistlepin Wheat Ale
346,Heavy Seas Aarsh Red Ale
347,Heavy Seas Peg Leg Imperial Stout
348,Heavy Seas Über Pils
349,Heavy Seas Winter Storm
350,He’Brew Genesis Ale
351,He’brew Jewbelation 13 Bar Mitzvah
352,He’Brew Messiah Bold
353,Heineken Keg Can
354,Heineken Premium Light
355,Heiner Brau Kolsch
356,Hereford & Hops Black Spring Double Stout
357,Hereford & Hops Cleary Red Amber Ale
358,Hereford & Hops Hefeweizen
359,Hereford & Hops Koelsch
360,Hereford & Hops Northern Light Ale
361,Hereford & Hops Piva Bohemian Pilsner
362,Hereford & Hops Razzberri Ale
363,Hereford & Hops Rib Mountain Rye
364,Hereford & Hops Schwarzbier
365,Herold Bohemian Black Lager
366,Herold Bohemian Wheat Lager
367,Herold Golden Revolution
368,Het Kapittel Pater
369,Hevelius Kaper
370,Heylissem Blonde Sur Lie
371,HHBC Blueberry Amber
372,HHBC Calibogue Amber
373,HHBC Pale Ale
374,HHBC Pub Light Ale
375,Highfalls IPA
376,Highland Black Mocha Stout
377,Highland Gaelic Ale
378,Highland Oatmeal Porter
379,Highland St. Terese’s Pale Ale
380,Highlander Pale Ale
381,Hitachino Nest Weizen
382,Hobgoblin British Ale
383,Hoegaarden Original White Ale
384,Hofbrau Maibock
385,Hofbräu Original
386,Hog Haus Curly Tail Ale
387,Hog Haus Fat Boy Blue
388,Hog Haus Pale Rider
389,Hog Haus Scout Stout
390,Hog Haus Woodstock Wheat
391,Hoopers Lemon Hooch
392,Hops Alligator Ale
393,Hops Clearwater Light
394,Hops Hammerhead Red Ale
395,Hops Lightning Bold Gold
396,Hops Winter Amber Ale
397,I.C. Light
398,Icehouse
399,Independence Pale Ale
400,Innis & Gunn Oak Aged Beer
401,Ipswich Ale
402,Irons Dark Iron Chocolate Brown Ale
403,Irons Long Iron Bohemian Style Pilsner
404,Island City Amber Light
405,Island City German Style Red Ale
406,Island City Honey Ale
407,Island City Pale Ale
408,Island City Rye Porter
409,Jack Daniel’s Amber Lager
410,Jack Daniel’s American Ale
411,Jack Daniel’s Pilsner
412,Jack Daniel’s Summer Brew
413,Jack Daniel’s Winter Brew
414,Jamaica Red Ale
415,Jamaica Sunset India Pale Ale
416,James Boag’s Premium Lager
417,James Squire Australian Best Ale
418,Jasne Zamkowe
419,Jenlain Blonde French Golden Ale
420,Jersey Harvest Ale
421,John Courage Amber
422,John Smith’s Bitter
423,Julius Echter Hefe-Weiss Premium
424,JW Dundee’s American Amber Lager
425,JW Dundee’s American Pale Ale
426,JW Dundee’s IPA
427,Kaiser
428,Keller Bier
429,Kelly’s Irish Stone Brewed Light
430,Keystone Light
431,Killarney’s Red Lager
432,Killian’s Honey Brown Lager
433,Killian’s Red
434,King & Barnes Festive Ale
435,King Pilsner
436,Kingfisher Premium Lager
437,Kinmount Willie Stout
438,Kinsale Irish Lager
439,Kirin Autumn Lager
440,Kirin Ichiban Special Premium Reserve
441,Kirin Lager
442,Klaster Dark Beer
443,Klaster Winter Lager
444,Klisch Pilsner
445,Kodiak Brown Nut Brown Ale
446,König Ludwig Weissbier
447,Koningshoeven Blonde
448,Koningshoeven Dubbel
449,Koningshoeven Quadrupel
450,Koningshoeven Tripel
451,Köstritzer Oktoberfest
452,Köstritzer Schwarzbier
453,Kozel Premium
454,Královský Lev Black Lion
455,Król Beer
456,Krušovice Cerne
457,Krušovice Imperial
458,Kulmbacher Pils
459,Kulmbacher Weisse
460,Kvietinis Natural Wheat
461,La Chouffe
462,La Rossa
463,Labatt Blue Light
464,Labatt Canadian Ale
465,Labatt Genuine Honey
466,Labatt Ice
467,Labatt Maximum Ice
468,Labatt Wildcat
469,Lagunitas Brown Shugga
470,Lagunitas Censored Rich Copper Ale
471,Lagunitas Freak Out Ale
472,Lagunitas Hairy Eyeball Ale
473,Lagunitas Imperial Red Ale
474,Lagunitas India Pale Ale
475,Lagunitas Kill Ugly Radio
476,Lagunitas Lucky 13
477,Lagunitas Maximus
478,Lake Placid Frostbite Ale
479,Lakefront Bridge Burner
480,Lakefront IPA
481,Lakefront Organic ESB
482,Lakefront Wheat Monkey Ale
483,Lakeport Honey Lager
484,Lakeport Pilsener
485,Laker Strong Premium
486,Lamar St. Pale Ale
487,Land Shark Lager
488,Latrobe Bohemian Style Pilsner
489,Laughing Skull Bohemian Pilsner
490,Lawson Creek Pale Ale
491,Lawson Creek Red Ale
492,Leffe Bruin
493,Leffe Radieuse
494,Left Hand Black Jack Porter
495,Left Hand Jackman’s Pale Ale
496,Left Hand Juju Ginger
497,Left Hand Milk Stout
498,Left Hand Polestar Pilsner
499,Left Hand Sawtooth Ale
500,Leikeim Bavarian X-Winter
501,Leikeim Premium Bavarian Pilsner
502,Leikeim Schwarzbier
503,Leinenkugel’s Amber Light
504,Leinenkugel’s Apple Spice
505,Leinenkugel’s Autumn Lager
506,Leinenkugel’s Berry Weiss
507,Leinenkugel’s Creamy Dark
508,Leinenkugel’s Honey Weiss
509,Leinenkugel’s Red
510,Leinenkugel’s Special Lager
511,Leinenkugel’s Summer Shandy
512,Leinenkugel’s Sunset Wheat
513,Levity Golden Amber Ale
514,Liebotschaner Cream Ale
515,Lobkowicz Knight
516,Lobster Lovers Beer
517,Locktender Lager
518,LogJam Lager
519,Long Hammer IPA
520,Long Trail Ale
521,Long Trail Blackberry Wheat
522,Long Trail Double Bag Ale
523,Long Trail Harvest Ale
524,Long Trail Hefeweizen
525,Long Trail Hibernator
526,Longboard Lager
527,Longshots Black Lager
528,Lord Chesterfield Ale
529,Louny Dark Lager
530,Louny Lager
531,Löwenbräu Premium Lager
532,Lucifer
533,Lucky Beer
534,Lucky Lager
535,Luna Sea ESB
536,Lunacy Belgian-Style Golden Ale
537,Mackeson XXX Stout
538,Maclay Oat Malt Stout
539,Magic Hat Blind Faith
540,Magic Hat Circus Boy Hefeweizen
541,Mahou Classica
542,Mahr’s Der Weisse Bock
543,Mahr’s Weisse
544,Maisel’s Weisse
545,Maisel’s Weisse Hefe-Weizen
546,Mango Beer
547,Marathon Lager Beer
548,Maredsous 10
549,Marston’s India Export Pale Ale
550,Marston’s Pedigree
551,Marston’s Strong Pale Ale
552,Maryland’s Best
553,Maudite
554,McEwan’s India Pale Ale
555,McEwan’s Scotch Ale
556,McGarvey’s Scottish Ale
557,McSorley’s Ale
558,McSorley’s Black & Tan
559,Mendocino Black Hawk Stout
560,Mendocino Blue Heron Pale Ale
561,Mendocino Eye of the Hawk Ale
562,Mendocino Red Tail Ale
563,Merlin’s Ale
564,Metolius IPA
565,Michelob
566,Michelob Amber Bock
567,Michelob Dunkel Weisse
568,Michelob Golden Pilsner
569,Michelob HefeWeizen
570,Michelob Honey Lager
571,Michelob Light
572,Michelob Pale Ale
573,Michelob Ultra
574,Mickey’s Fine Malt Liquor
575,Mike’s Hard Lemonade
576,Mile Square Amber Ale
577,Mile Square Ginseng Brew
578,Mill St. Stock Ale
579,Mill St. Tankhouse Ale
580,Miller 1855 Celebration Lager
581,Miller Chill
582,Miller Genuine Draft
583,Miller High Life
584,Miller High Life Light
585,Miller Lite
586,Miller Red Label
587,Milwaukee’s Best Light
588,Mirror Pond Pale Ale
589,Missing Elf Double Bock
590,Mississippi Mud Black & Tan
591,Modelo Especial
592,Mojave Blackout Stout
593,Mojave Lobotomy Bock
594,Mojave Red
595,Mojo IPA
596,Molings Traditional Red Ale
597,Molson Canadian
598,Molson Export Ale
599,Molson Golden
600,Molson Hi Dry
601,Molson Ice
602,Molson OV
603,Molson Red Jack
604,Molson XXX
605,Mongoose
606,Monkman’s Slaughter Ale
607,Montejo
608,Monty Python’s Holy Grail Ale
609,Moosbacher Schwarze Weisse
610,Moose Drool Brown Ale
611,Moretti Doppio Malto
612,Morland Hen’s Tooth
613,Morland Old Speckled Hen
614,Murphy’s Amber Ale
615,Murphy’s Irish Stout Pub Draught
616,Mythos Hellenic Lager Beer
617,Natural Light
618,Negra Modelo
619,Neuschwansteiner Bavarian Lager
620,Neustadt Lager
621,New Amsterdam Blonde Lager
622,New Amsterdam India Dark Ale
623,New Amsterdam New York Amber
624,New Amsterdam Oktoberfest
625,New Belgium Abbey Belgian Style Ale
626,New Belgium Blue Paddle Pilsner
627,New Belgium Fat Tire Amber Ale
628,New Belgium La Folie
629,New Belgium Loft Beer
630,New Belgium Mothership Wit
631,New Belgium Skinny Dip Beer
632,New Belgium Straight Arrow Ale
633,New Belgium Transatlantique Kriek
634,New Glarus Apple Ale
635,New Glarus Black Wheat
636,New Glarus Cherry Stout
637,New Glarus Crack’d Wheat
638,New Glarus Dancing Man Wheat
639,New Glarus Edel-Pils
640,New Glarus Enigma
641,New Glarus Imperial Saison
642,New Glarus Imperial Weizen
643,New Glarus Moon Man
644,New Glarus Native Ale
645,New Glarus Sour Brown Ale
646,New Glarus Spotted Cow Ale
647,New Glarus Stone Soup
648,New Glarus Two Women New
649,New Glarus Uff-da Bock
650,New River Pale Ale
651,New York Harbor Ale
652,Newcastle Brown Ale
653,Nikolausbier Altfränkisches Dunkel
654,No. 38 Stout
655,Noche Buena
656,North By Northwest Blackjack Ale
657,North By Northwest Py Jingo Pale Ale
658,Northumberland Ale
659,Nor’western Hefe-weizen
660,Nostradamus Bruin
661,O.K. Beer
662,Oberdorfer Hefeweizen Dunkel
663,O’Hanlon’s Original Ruby Stout
664,O’Hanlon’s Original Rye Beer
665,O’Hanlon’s Wheat Beer
666,O’Hara’s Celtic Stout
667,Old Brown Dog Ale
668,Old Devil Beer
669,Old Engine Oil
670,Old Engine Oil Special Reserve
671,Old Growler Porter
672,Old Izaak Traditional English Ale
673,Old Jock Ale
674,Old Milwaukee
675,Old Milwaukee Light
676,Old Milwaukee N/A
677,Old No. 38 Stout
678,Old Peculier Ale
679,Old Plowshare Stout
680,Old Rasputin Russian Imperial Stout
681,Old Slug Porter
682,Old Stock Ale
683,Old Style
684,Old Thumper Extra Special Ale
685,Olde Towne Amber Ale
686,Olde Towne Pale Ale
687,Ommegang Abbey Ale
688,Ommegang Chocolate Indulgence
689,Ommegang Hennepin
690,Ommegang Ommegeddon
691,Ommegang Three Philosophers
692,Ommegang Witte
693,One-Eyed Jack
694,Oppigårds Winter Ale
695,Oregon Hefeweizen
696,Original Bathbeer
697,Original Flag Porter
698,Orval Trappist Ale
699,Oskar Blues Dale’s Pale Ale
700,Oskar Blues Gubna Imperial IPA
701,Oskar Blues Old Chub Scottish Style Ale
702,Ossian Ale
703,Pabst Blue Ribbon
704,Pacifico
705,Pale Rider Ale
706,Patagonia
707,Paulaner Hefe-Weizen
708,Paulaner Hefe-Weizen Dunkel
709,Paulaner Oktoberfest Märzen Amber
710,Paulaner Original Munich Lager
711,Paulaner Premium Pils
712,Pauwel Kwak
713,Peachtree Pale Ale
714,Peak One Porter
715,Pearl Lager Beer
716,Pearl River Pale Ale
717,Peche Lambic
718,Peculiar
719,Pendle Witches Brew
720,Perkuno’s Hammer Imperial Porter
721,Perla Chmielowa Pils
722,Peroni
723,Peroni Nastro Azzurro
724,Pete’s Pub Lager
725,Pete’s Signature Pilsner
726,Pete’s Wicked Ale
727,Pete’s Wicked Bohemian Pilsner
728,Pete’s Wicked Helles Lager
729,Pete’s Wicked Honey Wheat
730,Pete’s Wicked Oktoberfest
731,Pete’s Wicked Rally Cap Ale
732,Pete’s Wicked Red Rush Ale
733,Petrus Old Brown Ale
734,Picnic Ants
735,Pig’s Eye Pilsner
736,Pilsner
737,Pilsner Prospere
738,Pilsner Urquell
739,Pine Baron Ale
740,Pinkus Organic Hefe-Weizen
741,Pinkus Organic Münster Alt
742,Pinstripe Red Ale
743,Piraat
744,Planet Porter
745,Point Amber Classic
746,Point Burly Brown
747,Point Einbock
748,Point Honey Light
749,Point Horizon Wheat
750,Point Pale Ale
751,Point Special
752,Point Spring Bock
753,Point White Biere
754,Poker Beer
755,Potosi Snake Hollow India Pale Ale
756,Potosi Steamboat Shandy
757,PranQster Belgian Style Golden Ale
758,Pride & Joy Mild Ale
759,Prince Blond Bock
760,Prostel Alkoholfrei
761,Pschorr-Bräu Weisse Dark
762,Pyramid Apricot Ale
763,Pyramid Curve Ball Kolsch
764,Pyramid Hefeweizen
765,Quail Springs India Pale Ale
766,Quilmes
767,Radegast Original Lager
768,Rahr’s Red
769,Rainier Beer
770,Rainier Dry
771,Real Ale Brewhouse Brown Ale
772,Real Ale Full Moon Rye Pale Ale
773,Real Ale Rio Blanco Pale Ale
774,Real Ale Shade Grown Coffee Porter
775,Reaper Ale Deathly Pale Ale
776,Rebel
777,Rebel Garnet
778,Red Bank Dark Lager
779,Red Bank Lager
780,Red Baron
781,Red Brick Ale
782,Red Brick Golden Lager
783,Red Brick Hefeweizen
784,Red Brick Summer Brew
785,Red Brick Winter Brew
786,Red Cap Ale
787,Red Dog
788,Red Dragon Light
789,Red Maple Premium Lager
790,Red Seal Ale
791,Red Stripe
792,Red Vixen Vienna-Style Lager
793,Redhook ESB
794,Redhook Hefe Weizen
795,Redhook IPA
796,Redhook Sunrye Ale
797,Redneck Beer
798,Reissdorf Kölsch
799,Rheingold Extra Dry
800,Rhinebecker Extra
801,Rhino Chasers Peach Honey Wheat
802,Rickard’s Dark
803,Rickard’s Honey Brown
804,Rickard’s Red
805,Rickard’s White
806,Ridgeway Lump of Coal Dark Holiday Stout
807,Ridgeway Santa’s Butt Winter Porter
808,Ridgeway Very Bad Elf Special Reserve Ale
809,Ridgeway Warm Welcome Nut Brown Ale
810,Riggwelter Yorkshire Ale
811,Rinkuskiai Werewolf
812,Rio Grande Desert Pils
813,Rio Grande Elfego Bock
814,Rio Grande Outlaw Lager
815,River Rock Ale
816,River Rock Brown Ale
817,River Rock Cream Ale
818,Riverwest Stein Beer
819,Rocky’s Revenge Brown Ale
820,Rodenbach Grand Cru
821,Rogue American Amber Ale
822,Rogue Brutal Bitter
823,Rogue Buckwheat Ale
824,Rogue Chipotle Ale
825,Rogue Chocolate Stout
826,Rogue Cliff Hanger Ale
827,Rogue Dead Guy Ale
828,Rogue Dry Hopped Saint Rogue Red Ale
829,Rogue Hazelnut Brown Nectar
830,Rogue Honey Cream Ale
831,Rogue Imperial Pale Ale
832,Rogue Kells Irish Lager
833,Rogue Mom Hefeweizen
834,Rogue Monk Madness Ale
835,Rogue Morimoto Black Obi Soba Ale
836,Rogue Morimoto Imperial Pilsner
837,Rogue Morimoto Soba Signature Ale
838,Rogue Old Crustacean
839,Rogue Oregon Golden Ale
840,Rogue Santa’s Private Reserve Ale
841,Rogue Shakespeare Stout
842,Rogue Smoke Ale
843,Rogue Uberfest Pilsner
844,Rogue Yellow Snow Ale
845,Rolling Rock
846,Rolling Rock Light
847,Ropewalk Amber Ale
848,Roswell Alien Amber Ale
849,Royal Challenge Premium Lager
850,Royal Extra – The Lion Stout
851,Royal Oak Pale Ale
852,Ruddles Best Bitter
853,Ruddles County Ale
854,Rudolph’s Revenge Winter Ale
855,Russian River Blind Pig IPA
856,Russian River Pliny The Elder
857,Sasquatch Scotch Porter
858,Salvator Double Bock
859,Samuel Adams Black Lager
860,Samuel Adams Blackberry Witbier
861,Samuel Adams Boston Ale
862,Samuel Adams Boston Lager
863,Samuel Adams Cherry Wheat
864,Samuel Adams Chocolate Bock
865,Samuel Adams Cream Stout
866,Samuel Adams Double Bock
867,Samuel Adams Golden Pilsner
868,Samuel Adams Hallertau Imperial Pilsner
869,Samuel Adams Hefeweizen
870,Samuel Adams Honey Porter
871,Samuel Adams Imperial White
872,Samuel Adams Irish Red
873,Samuel Adams Light
874,Samuel Adams Noble Pils
875,Samuel Adams Octoberfest
876,Samuel Adams Old Fezziwig Ale
877,Samuel Adams Pale Ale
878,Samuel Adams Scotch Ale
879,Samuel Adams Summer Ale
880,Samuel Adams Vienna Lager
881,Samuel Adams Weiss Bier
882,Samuel Adams White Ale
883,Samuel Adams Winter Lager
884,Samuel Smith’s Imperial Stout
885,Samuel Smith’s India Pale Ale
886,Samuel Smith’s Nut Brown Ale
887,Samuel Smith’s Oatmeal Stout
888,San Miguel Premium Lager
889,Santa Fe Nut Brown Ale
890,Santa Fe Pale Ale
891,Sapporo Premium
892,Saranac Adirondack Amber
893,Saranac Black & Tan
894,Saranac Hefeweizen
895,Saranac Pale Ale
896,Saranac Summer Wheat
897,Saranac Traditional Lager
898,Saranac Wild Berry Wheat
899,Saris Premium
900,Saxo
901,Scaldis Belgian Ale
902,Scaldis Noël
903,Schlafly Pale Ale
904,Schlafly Pilsner
905,Schlafly Summer Kolsch
906,Schlitz
907,Schloss Eggenberg Doppelbock Dunkel
908,Schloss Eggenberg Samichlaus Bier
909,Schloss Eggenberg Samichlaus Helles
910,Schloss Eggenberg Urbock 23°
911,Schmidt’s
912,Schneider Weisse
913,Schwarzer Adler
914,Schwelmer Hefeweizen
915,Scorpion Pale Ale
916,Scorpion Premium Lager
917,Scrimshaw Pilsner Style Ale
918,Sea Dog Wild Blueberry Wheat Ale
919,Selex Bräu
920,Session Premium Lager
921,Sheaf Stout
922,Shepherd Neame India Pale Ale
923,Shiner Commemorator
924,Shiner Hefeweizen
925,Shiner Light
926,Shiner Winter Brew
927,Shipyard Blue Fin Stout
928,Shipyard IPA
929,Shipyard Light Ale
930,Sierra Blanca Nut Brown Al
931,Sierra Dorada
932,Sierra Nevada Anniversary Ale
933,Sierra Nevada Celebration Ale
934,Sierra Nevada ESB
935,Sierra Nevada India Pale Ale
936,Sierra Nevada Kellerweis
937,Sierra Nevada Pale Ale
938,Sierra Nevada Porter
939,Sierra Nevada Stout
940,Sierra Nevada Summerfest
941,Sierra Nevada Wheat Beer
942,Silver Gulch Coldfoot Pilsner
943,Silver Gulch Copper Creek Amber Ale
944,Singletrack Copper Ale
945,Skull Splitter Orkney Ale
946,Sleeman Clear
947,Sleeman Fine Porter
948,Sleeman Honey Brown Lager
949,Sleeman Original Draught
950,Sleeman Steam Beer
951,Smuttynose Summer Weizen Ale
952,Smuttynose Wheat Wine
953,Smuttynose Winter Ale
954,Snake Chaser Irish Style Stout
955,Southern Pecan Brown ale
956,Southern Tier Big Red Imperial Red Ale
957,Southern Tier Imperial Mokah
958,Spanish Peaks Honey Raspberry Ale
959,Spanish Peaks Monterey Pale Ale
960,Spanish Peaks Porter
961,Spaten München Dunkel
962,Spaten Oktoberfest
963,Spaten Optimator
964,Spaten Pils
965,Speakeasy Prohibition Ale
966,Speakeasy Untouchable Pale
967,Sportz Beer
968,Sprecher Abbey Triple
969,Sprecher Black Bavarian Style Lager
970,Sprecher Generation Porter
971,Sprecher Pipers Scotch-Style Ale
972,Sprecher Pub Ale
973,Sprecher Shakparo
974,St-Ambroise Oatmeal Stout
975,St-Ambroise Pale Ale
976,Saint Andrews Ale
977,Saint Arnold Bock
978,Saint Arnold Brown Ale
979,Saint Arnold Elissa IPA
980,St Peter’s English Ale
981,St Peter’s IPA
982,St Peter’s Old Style Porter
983,St Peter’s Organic Ale
984,St Peter’s Summer Ale
985,St Peter’s Wheat Ale
986,Stag
987,Stampede Light
988,Staropramen
989,Station 33 Firehouse Red
990,Station House Red Ale
991,Steam Whistle Pilsner
992,Steamworks Steam Engine Lager
993,Steamworks Summer Kolsch
994,Steel Reserve 211
995,Steelhead Extra Stout
996,Steelhead Scotch Porter
997,Stiegl Pils
998,Steinlager
999,Stella Artois
1000,Sterkens Dubbel Ale
1001,Sterkens White Ale
1002,Stickenjab Beer
1003,Stille Nacht
1004,Stone Arrogant Bastard Ale
1005,Stone Bitter Chocolate Oatmeal Stout
1006,Stone IPA
1007,Stone Mill Pale Ale
1008,Stone Ruination IPA
1009,Stone Russian Imperial Stout
1010,Stoudt’s Maibock
1011,Stoudt’s Pils
1012,Stoudt’s Weizen
1013,Stroh’s Light
1014,Strong Suffolk Vintage Ale
1015,Strongarm Ruby Red Ale
1016,Sublime Hard Raspberry Lemonade
1017,Summer Lightning
1018,Summit India Pale Ale
1019,Summit Maibock
1020,Summit Winter Ale
1021,Sundance Amber Ale
1022,Svyturys Ekstra
1023,Sweet Magnolia American Brown Ale
1024,Sweet Stout
1025,SweetWater 420 Extra Pale Ale
1026,SweetWater Blue
1027,SweetWater Crank Tank Rye’d Ale
1028,SweetWater ESB
1029,SweetWater Exodus Porter
1030,SweetWater Road Trip
1031,SweetWater Summer Hummer
1032,SweetWater Sweet Georgia Brown
1033,Tecate
1034,Ten Springs Maple Lager
1035,Ten Springs Whiteface Pale Ale
1036,Tennent’s of Scotland Lager
1037,Tequiza
1038,Terrapin All American Imperial Pilsner
1039,Terrapin and Schmaltz Reunion Ale ’12
1040,Terrapin Big Hoppy Monster
1041,Terrapin ‘Dos Cocoas’ Chocolate Porter
1042,Terrapin Extreme Cream Ale
1043,Terrapin Moo-Hoo Chocolate Milk Stout
1044,Terrapin Rye Pale Ale
1045,Terrapin Rye Squared
1046,Terrapin Side Project #11 Boom Shakalager
1047,Terrapin Sunray Wheat Beer
1048,Tetley’s English Ale
1049,Thames Welsh Ale
1050,Third Stone Brown
1051,Thomas Hooker American Pale Ale
1052,Thomas Hooker Imperial Porter
1053,Thomas Hooker Liberator Doppelbock
1054,Thomas Hooker Octoberfest Lager
1055,Thunderhead Stout
1056,Thurn and Taxis Roggen
1057,Tie Die Red Ale
1058,Titletown Dark Helmet Schwarzbier
1059,Tommyknocker Butt Head Doppelbock
1060,Tooheys Extra Dry
1061,Tooheys New
1062,Toohey’s Platinum
1063,Trader Joe’s Bavarian Style Hefeweizen
1064,Traditional Ale
1065,Trappistes Rochefort
1066,Traquair House Ale
1067,Tripel Karmeliet
1068,Tröegs Bavarian Style Lager
1069,Tröegs Mad Elf
1070,Tröegs Pale Ale
1071,Tröegs Rugged Trail Nut Brown Ale
1072,Tröegs Troegenator Doppelbock
1073,Trois Pistoles
1074,Troubadour Blond
1075,Tuborg Gold Label De Luxe
1076,Tuborg Premium Lager
1077,Tucher Bajuvator Doppelbock
1078,Tucher Helles Hefe Weizen
1079,Tuppers’ Hop Pocket Ale
1080,Tuppers’ Hop Pocket Pils
1081,Uerige Sticke
1082,Ugly Pug Black Lager
1083,Uncle Otto’s Oktoberfest Marzen
1084,Unibroue Quatre-Centième
1085,Upper Canada Dark Ale
1086,Ursus Premium
1087,Veltins Pilsener
1088,Victoria Bitter
1089,Victory Baltic Thunder
1090,Victory Golden Monkey
1091,Victory Hop Wallop
1092,Victory Hop Devil Ale
1093,Victory Prima Pils
1094,Victory Storm King Stout
1095,Victory V-Twelve
1096,Voll-Damm Doble Malta
1097,Wailua Ale
1098,Warsh Pail Ale
1099,Warsteiner
1100,Warsteiner Premium Dunkel
1101,Waterloo Dark
1102,Weidman’s Danny Boy Stout
1103,Weidman’s Rope Swing Red Ale
1104,Weihenstephaner Hefeweissbier Dunkel
1105,Weihenstephaner Hefeweissbier
1106,Weihenstephaner Korbinian
1107,Weihenstephaner Original Lager
1108,Weihenstephaner Vitus
1109,Wellhead Pale Ale
1110,Wellington County Ale
1111,Wells Banana Bread Beer
1112,Wells Bombardier English Premium Bitter
1113,Weltenburger Kloster Asam-Bock
1114,Westmalle Dubbel
1115,Westmalle Trappist Tripel
1116,Weyerbacher Blithering Idiot
1117,Weyerbacher Heresy Imperial Stout
1118,Weyerbacher Merry Monks’ Ale
1119,Weyerbacher Slam Dunkel
1120,Whitbread Pale Ale
1121,Widmer Amberbier
1122,Widmer Broken Halo IPA
1123,Widmer Drop Top Amber Ale
1124,Widmer Hefeweizen
1125,Widmer Snowplow Milk Stout
1126,Wild Boar Amber
1127,Wild Hop Organic Lager
1128,Windhoek Lager
1129,Wisconsin Belgian Red
1130,Woodchuck Draft Cider (Amber)
1131,Würzburger Oktoberfest
1132,WychCraft
1133,Xingu Black Beer
1134,XXXX Bitter
1135,Yanjing Beer
1136,Yazoo Amarillo Pale Ale
1137,Youngblood’s Imperial Porter
1138,Younger’s Tartan Special
1139,Young’s Christmas Ale
1140,Young’s Dirty Dick’s Ale
1141,Young’s Double Chocolate Stout
1142,Young’s Oatmeal Stout
1143,Young’s Old Nick
1144,Young’s RamRod Famous Ale
1145,Young’s Special London Ale
1146,Young’s St. George’s Ale
1147,Young’s Waggledance Honey Ale
1148,Yuengling Black & Tan
1149,Yuengling Porter
1150,Yuengling Traditional Lager
1151,Z Lager
1152,Zagorka Special
1153,Žatec Blue Label
1154,Zhiguly Ekstra Alus
1155,Ziegenbock
1156,Zigzag River Lager
1157,Zloty Król Piwo
1158,Zywiec Beer
